ref_prod;desc_prod;ncm;sap;ipi;tipo; valor_custo ;carga_trabalho;comprimento;valor_venda
G-209 33T ;MANILHA CROSBY G-209 .33 TN;73269090;1018357;1.05;UN;75.09;0.33;37.3;125
G-209 50T ;MANILHA CROSBY G-209 .50 TN;73269090;1018375;1.05;UN;68.38;0.5;46.7;113
G-209 75T ;MANILHA CROSBY G-209 .75 TN;73269090;1018393;1.05;UN;66.61;0.75;53.1;111
G-209 1T ;MANILHA CROSBY G-209 1.00 TN;73269090;1018419;1.05;UN;56.79;1;63.5;94
G-209 1.50T ;MANILHA CROSBY G-209 1.50 TN;73269090;1018437;1.05;UN;74.62;1.5;73.9;124
G-209 2T ;MANILHA CROSBY G-209 2.00 TN;73269090;1018455;1.05;UN;100.79;2;83.3;167
G-209 3.25T ;MANILHA CROSBY G-209 3.25 TN;73269090;1018473;1.05;UN;136.46;3.25;106;226
G-209 4.75T ;MANILHA CROSBY G-209 4.75 TN;73269090;1018491;1.05;UN;158.94;4.75;126;264
G-209 6.50T ;MANILHA CROSBY G-209 6.50 TN;73269090;1018516;1.05;UN;214.08;6.5;148;355
G-209 8.50T ;MANILHA CROSBY G-209 8.50 TN;73269090;1018534;1.05;UN;292.03;8.5;167;484
G-209 9.50T ;MANILHA CROSBY G-209 9.50 TN;73269090;1018552;1.05;UN;438.08;9.5;190;727
G-209 12T ;MANILHA CROSBY G-209 12.00 TN;73269090;1018570;1.05;UN;626.38;12;210;1039
G-209 13.50T ;MANILHA CROSBY G-209 13.50 TN;73269090;1018598;1.05;UN;923.9;13.5;233;1533
G-209 17T ;MANILHA CROSBY G-209 17.00 TN;73269090;1018614;1.05;UN;984.64;17;254;1634
G-209 25T ;MANILHA CROSBY G-209 25.00 TN;73269090;1018632;1.05;UN;2146.22;25;313;3561
G-209 35T ;MANILHA CROSBY G-209 35.00 TN;73269090;1018650;1.05;UN;3036.25;35;347;5037
G-209 55T ;MANILHA CROSBY G-209 55.00 TN;73269090;1018678;1.05;UN;6633.14;55;455;11004
G-209A 2.0T;MANILHA CROSBY G-209A 2.0 TN;73269090;1017450;1.05;UN;87.82;2;63.6;146
G-209A 2.6T;MANILHA CROSBY G-209A 2.6 TN;73269090;1017472;1.05;UN;92.17;2.67;74;153
G-209A 3.30T;MANILHA CROSBY G-209A 3.30 TN;73269090;1017494;1.05;UN;113.51;3.33;83.5;188
G-209A 5T;MANILHA CROSBY G-209A 5 TN;73269090;1017516;1.05;UN;167.29;5;106;278
G-209A 7T;MANILHA CROSBY G-209A 7 TN;73269090;1017538;1.05;UN;236.28;7;126;392
G-209A 9.50T;MANILHA CROSBY G-209A 9.50 TN;73269090;1017560;1.05;UN;310.52;9.5;148;515
G-209A 12.5T;MANILHA CROSBY G-209A 12.5 TN;73269090;1017582;1.05;UN;415.2;12.5;167;689
G-209A 18T;MANILHA CROSBY G-209A 18 TN;73269090;1017626;1.05;UN;938.18;18;210;1556
G-209A 21T;MANILHA CROSBY G-209A 21 TN;73269090;1017648;1.05;UN;1354.73;21;233;2247
G-209R 6.5T;MANILHA CROSBY ROV G-209R 6.5 TN;73269090;1020872;1.05;UN;1590.32;0;0;2638
G-209R 8.5T;MANILHA CROSBY ROV G-209R 8.5 TN;73269090;1020902;1.05;UN;1915.06;0;0;3177
G-209R 9.5T;MANILHA CROSBY ROV G-209R 9.5 TN;73269090;1020932;1.05;UN;2393.83;0;0;3971
G-209R 12T;MANILHA CROSBY ROV G-209R 12 TN;73269090;1020952;1.05;UN;2743.7;0;0;4552
G-209R 13.5T;MANILHA CROSBY ROV G-209R 13.5 TN;73269090;1020972;1.05;UN;3148.81;0;0;5224
G-209R 17T;MANILHA CROSBY ROV G-209R 17 TN;73269090;1020992;1.05;UN;3358.9;0;0;5572
G-209R 25T;MANILHA CROSBY ROV G-209R 25 TN;73269090;1021102;1.05;UN;4935.14;0;0;8187
G-209R 55T;MANILHA CROSBY ROV G-209R 55TN;73269090;1021158;1.05;UN;16109.59;0;0;26726
G-210 75T ;MANILHA CROSBY G-210 .75 TN;73269090;1019178;1.05;UN;71.3;0.75;48.5;118
G-210 1T ;MANILHA CROSBY G-210 1.00 TN;73269090;1019196;1.05;UN;65.96;1;58.5;109
G-210 1.50T ;MANILHA CROSBY G-210 1.50 TN;73269090;1019212;1.05;UN;72.06;1.5;67.5;120
G-210 2T ;MANILHA CROSBY G-210 2.00 TN;73269090;1019230;1.05;UN;83.33;2;77;138
G-210 3.25T ;MANILHA CROSBY G-210 3.25 TN;73269090;1019258;1.05;UN;149.49;3.25;95.5;248
G-210 4.75T ;MANILHA CROSBY G-210 4.75 TN;73269090;1019276;1.05;UN;206.86;4.75;115;343
G-210 6.50T ;MANILHA CROSBY G-210 6.50 TN;73269090;1019294;1.05;UN;267.39;6.5;135;444
G-210 8.50T ;MANILHA CROSBY G-210 8.50 TN;73269090;1019310;1.05;UN;421.02;8.5;151;698
G-210 9.50T ;MANILHA CROSBY G-210 9.50 TN;73269090;1019338;1.05;UN;833.12;9.5;172;1382
G-210 12T ;MANILHA CROSBY G-210 12 TN;73269090;1019356;1.05;UN;1268.07;12;191;2104
G-210 13T ;MANILHA CROSBY G-210 13 TN;73269090;1019374;1.05;UN;1524.58;13.5;210;2529
G-210 17T ;MANILHA CROSBY G-210 17 TN;73269090;1019392;1.05;UN;2238.09;17;230;3713
G-210 25T ;MANILHA CROSBY G-210 25.0 TN;73269090;1019418;1.05;UN;3798.7;25;279;6302
G-210 35T ;MANILHA CROSBY G-210 35 TN;73269090;1019436;1.05;UN;4540.71;35;312;7533
G-210 55T ;MANILHA CROSBY G-210 55.0 TN;73269090;1019454;1.05;UN;9409.98;55;377;15611
G-2100 25T;MANILHA CROSBY G2100 25 TN;73269090;2038614;1.05;UN;15742.79;0;0;26117
G-2100 9.5T;MANILHA CROSBY G2100 9.5 TN;73269090;2038739;1.05;UN;9609.54;0;0;15942
G-2100 12T;MANILHA CROSBY G2100 12 TN;73269090;2038762;1.05;UN;11308.2;0;0;18760
G-2100 17T;MANILHA CROSBY G2100 17 TN;73269090;2038785;1.05;UN;13286.03;0;0;22042
G-2100 35T;MANILHA CROSBY G2100 35 TN;73269090;2038808;1.05;UN;18847.01;0;0;31267
G-2100 55T;MANILHA CROSBY G2100 55 TN;73269090;2038831;1.05;UN;22989.78;0;0;38140
G-2100 85T;MANILHA CROSBY G2100 85 TN;73269090;2038877;1.05;UN;33654.69;0;0;55833
G-2110 25T;MANILHA CROSBY G2110 25 TN;73269090;2038621;1.05;UN;18658.54;0;0;30955
G-2110 9.5T;MANILHA CROSBY G2110 9.5 TN;73269090;2038740;1.05;UN;10975.61;0;0;18209
G-2110 12T;MANILHA CROSBY G2110 12 TN;73269090;2038763;1.05;UN;13121.95;0;0;21769
G-2110 17T;MANILHA CROSBY G2110 17 TN;73269090;2038786;1.05;UN;15365.85;0;0;25492
G-2110 35T;MANILHA CROSBY G2110 35 TN;73269090;2038809;1.05;UN;23404.88;0;0;38829
G-2110 55T;MANILHA CROSBY G2110 55 TN;73269090;2038832;1.05;UN;27214.63;0;0;45149
G-2110 85T;MANILHA CROSBY G2110 85 TN;73269090;2038878;1.05;UN;39000;0;0;64701
" G-213 50T RPA SHK  1/4""";" .50T RPA SHK  1/4""";73269090;1018017;1.05;UN;64.54;0.5;46.7;107
" G-213 75T RPA SHK 5/16""";" .75T RPA SHK 5/16""";73269090;1018035;1.05;UN;84.02;0.75;53;139
" G-213 1.00T RPA SHK  3/8""";"1.00T RPA SHK  3/8""";73269090;1018053;1.05;UN;68.42;1;63;114
" G-213 1.50T RPA SHK 7/16""";"1.50T RPA SHK 7/16""";73269090;1018071;1.05;UN;71.44;1.5;74;119
" G-213 2.00T RPA SHK  1/2""";"2.00T RPA SHK  1/2""";73269090;1018099;1.05;UN;96.6;2;83.5;160
" G-213 3.25T RPA SHK  5/8""";"3.25T RPA SHK  5/8""";73269090;1018115;1.05;UN;162.83;3.25;106;270
" G-213 4.75T RPA SHK  3/4""";"4.75T RPA SHK  3/4""";73269090;1018133;1.05;UN;225.77;4.75;126;375
" G-213 6.50T RPA SHK  7/8""";"6.50T RPA SHK  7/8""";73269090;1018151;1.05;UN;351.93;6.5;148;584
 G-213 8.50T RPA SHK  1IN ;8.50T RPA SHK  1IN ;73269090;1018179;1.05;UN;482.18;8.5;167;800
" G-213 9.50T RPA SHK1-1/8""";"9.50T RPA SHK1-1/8""";73269090;1018197;1.05;UN;622.3;9.5;190;1032
" G-213 12T RPA SHK  1-1/4""";"12T RPA SHK  1-1/4""";73269090;1018213;1.05;UN;877.7;12;210;1456
" G-213 13.5T RPA SHK1-3/8""";"13.5T RPA SHK1-3/8""";73269090;1018231;1.05;UN;1661.49;13.5;233;2756
" G-213 17T RPA SHK  1-1/2""";"17T RPA SHK  1-1/2""";73269090;1018259;1.05;UN;1355.34;17;254;2249
" G-213 25T RPA SHK  1-3/4""";"25T RPA SHK  1-3/4""";73269090;1018277;1.05;UN;2999.43;25;313;4976
G-213 35T RPA SHK    2IN ;35T RPA SHK    2IN ;73269090;1018295;1.05;UN;3641.35;35;348;6041
G-2130 0.33T ;MANILHA CROSBY G-2130 0.33 TN;73269090;1019464;1.05;UN;84.97;0.33;37.3;141
G-2130 0.50T ;MANILHA CROSBY G-2130 0.50 TN;73269090;1019466;1.05;UN;55.02;0.5;46.7;91
G-2130 0.75T ;MANILHA CROSBY G-2130 .75 TN;73269090;1019468;1.05;UN;55.86;0.75;53;93
G-2130 1T ;MANILHA CROSBY G-2130 1.00 TN;73269090;1019470;1.05;UN;69.97;1;63;116
G-2130 1.50T ;MANILHA CROSBY G-2130 1.50 TN;73269090;1019471;1.05;UN;79.93;1.5;74;133
G-2130 2T ;MANILHA CROSBY G-2130 1.50 TN;73269090;1019471;1.05;UN;79.93;2;83.5;133
G-2130 3,25T ;MANILHA CROSBY G-2130 2.00 TN;73269090;1019472;1.05;UN;89.82;3.25;106;149
G-2130 35T ;MANILHA CROSBY G-2130 35.00 TN;73269090;1019677;1.05;UN;2973.77;35;348;4933
G-2130 55T ;MANILHA CROSBY G-2130 55.00 TN;73269090;1019695;1.05;UN;6092.66;55;453;10108
G-2130 85T ;MANILHA CROSBY G-2130 85.00 TN;73269090;1019711;1.05;UN;20698.78;85;546;34339
G-2130 120T ;MANILHA CROSBY G-2130 120.00 TN;73269090;1019739;1.05;UN;44005.14;120;626;73005
G-2130 150T ;MANILHA CROSBY G-2130 150.00 TN;73269090;1019757;1.05;UN;61290.07;150;653;101680
"G-2130A 2.00T ABT SHK  1/2""";"2.00T ABT SHK  1/2""";73269090;1219472;1.05;UN;215.95;2;83.5;358
"G-2130A 3.25T ABT SHK  5/8""";"3.25T ABT SHK  5/8""";73269090;1219491;1.05;UN;231.4;3.25;106;384
"G-2130A 4.75T ABT SHK  3/4""";"4.75T ABT SHK  3/4""";73269090;1219516;1.05;UN;327.93;4.75;126;544
"G-2130A 6.50T ABT SHK  7/8""";"6.50T ABT SHK  7/8""";73269090;1219534;1.05;UN;491.89;6.5;148;816
G-2130A 8.50T ABT SHK  1IN ;8.50T ABT SHK  1IN ;73269090;1219552;1.05;UN;624.61;8.5;167;1036
"G-2130A 9.50T ABT SHK1-1/8""";"9.50T ABT SHK1-1/8""";73269090;1219578;1.05;UN;817.29;9.5;190;1356
"G-2130A 12T ABT SHK  1-1/4""";"12T ABT SHK  1-1/4""";73269090;1219598;1.05;UN;1073.62;12;210;1781
"G-2130A 13.5T ABT SHK1-3/8""";"13.5T ABT SHK1-3/8""";73269090;1219614;1.05;UN;2527.75;13.5;233;4194
"G-2130A 17T ABT SHK1-1/2""  ";"17T ABT SHK1-1/2""  ";73269090;1219632;1.05;UN;3130.39;17;254;5193
G-2130C T4.75T;4.75T ABT SHK CT   ;73269090;1260568;1.05;UN;2755.02;4.75;126;4571
G-2130C 6.50T;6.50T ABT SHK CT   ;73269090;1260577;1.05;UN;2803.96;6.5;148;4652
G-2130C 8.50T;8.50T ABT SHK CT   ;73269090;1260586;1.05;UN;2959.72;8.5;167;4910
G-2130C 9.50T;9.50T ABT SHK CT   ;73269090;1260595;1.05;UN;4051.09;9.5;190;6721
G-2130C 12T;12.00T ABT SHK CT  ;73269090;1260604;1.05;UN;5172.68;12;210;8581
G-2130C 13.50T;13.50T ABT SHK CT  ;73269090;1260613;1.05;UN;6880.16;13.5;233;11414
G-2130C 17T;17.00T ABT SHK CT  ;73269090;1260622;1.05;UN;8596.02;17;254;14261
G-2130C 25T;25.00T ABT SHK CT  ;73269090;1260633;1.05;UN;12772.67;25;313;21190
G-2130 3.25T ;MANILHA CROSBY G-2130 3.25 TN;73269090;1262013;1.05;UN;130.63;3.25;106;217
G-2130 4.75T ;MANILHA CROSBY G-2130 4.75 TN;73269090;1262022;1.05;UN;210.96;4.75;126;350
G-2130 6.50T ;MANILHA CROSBY G-2130 6.50 TN;73269090;1262031;1.05;UN;276.29;6.5;148;458
G-2130 8.50T ;MANILHA CROSBY G-2130 8.50 TN;73269090;1262040;1.05;UN;437.01;8.5;167;725
G-2130 9.50T ;MANILHA CROSBY G-2130 9.50 TN;73269090;1262059;1.05;UN;603.34;9.5;190;1001
G-2130 12T ;MANILHA CROSBY G-2130 12.00 TN;73269090;1262068;1.05;UN;780.69;12;210;1295
G-2130 13.50T ;MANILHA CROSBY G-2130 13.50 TN;73269090;1262077;1.05;UN;988.55;13.5;233;1640
G-2130 17T ;MANILHA CROSBY G-2130 17.00 TN;73269090;1262086;1.05;UN;1281.54;17;254;2126
G-2130 25T ;MANILHA CROSBY G-2130 25.00 TN;73269090;1262095;1.05;UN;2271.26;25;313;3768
G-2140 2T;MANILHA CROSBY G-2140 2.00 TN;73269090;1021015;1.05;UN;176.11;2;63.2;292
G-2140 2.67T ;MANILHA CROSBY G-2140 2.67 TN;73269090;1021020;1.05;UN;305.92;2.67;73.9;508
G-2140 3.33T ;MANILHA CROSBY G-2140 3.33 TN;73269090;1021029;1.05;UN;320.95;3.33;83.3;532
G-2140 5T ;MANILHA CROSBY G-2140 5.00 TN;73269090;1021038;1.05;UN;363.02;5;106.4;602
G-2140 7T ;MANILHA CROSBY G-2140 7.00 TN;73269090;1021047;1.05;UN;414.54;7;126.2;688
G-2140 9.50T ;MANILHA CROSBY G-2140 9.50 TN;73269090;1021056;1.05;UN;505.89;9.5;148.1;839
G-2140 12.50T ;MANILHA CROSBY G-2140 12.50 TN;73269090;1021065;1.05;UN;659.38;12.5;166.6;1094
G-2140 15T ;MANILHA CROSBY G-2140 15.00 TN;73269090;1021074;1.05;UN;851.97;15;189.7;1413
G-2140 18T ;MANILHA CROSBY G-2140 18.00 TN;73269090;1021083;1.05;UN;1101.35;18;209.6;1827
G-2140 21T ;MANILHA CROSBY G-2140 21.00 TN;73269090;1021092;1.05;UN;1696.8;21;232.7;2815
G-2140 30T ;MANILHA CROSBY G-2140 30.00 TN;73269090;1021110;1.05;UN;2152.29;30;254;3571
G-2140 40T ;MANILHA CROSBY G-2140 40.00 TN;73269090;1021138;1.05;UN;3064.72;40;313;5084
G-2140 55T ;MANILHA CROSBY G-2140 55.00 TN;73269090;1021156;1.05;UN;5067.56;55;347;8407
G-2140 85T ;MANILHA CROSBY G-2140 85.00 TN;73269090;1021174;1.05;UN;9853.08;85;455;16346
G-2140 120T ;MANILHA CROSBY G-2140 120.00 TN;73269090;1021192;1.05;UN;19944.88;120;546;33089
G-2140 150T ;MANILHA CROSBY G-2140 150.00 TN;73269090;1021218;1.05;UN;46142.42;150;632;76550
G-2140 175T ;MANILHA CROSBY G-2140 175.00 TN;73269090;1021236;1.05;UN;64050.41;175;652;106260
G-2140 400T ;MANILHA CROSBY G-2140 400.00 TN;73269090;1021478;1.05;UN;220712.56;400;1022;366162
G-2140BNC 200T;MANILHA CROSBY G-2140 200.00 TN;73269090;1021234;1.05;UN;71103.06;0;0;117960
G-2140BNC 250T;MANILHA CROSBY G-2140 250.00 TN;73269090;1021243;1.05;UN;90962.25;0;0;150906
G-2140BNC 300T;MANILHA CROSBY G-2140 300.00 TN;73269090;1021252;1.05;UN;135763.39;0;0;225231
G-2140CT 30T;30T AL ABT SHK CT  ;73269090;1260801;1.05;UN;12036.1;0;0;19968
G-2140CT 40T;40T AL ABT SHK CT  ;73269090;1260812;1.05;UN;24356.79;0;0;40408
G-2140CT 55T;55T AL ABT SHK CT  ;73269090;1260823;1.05;UN;33597.3;0;0;55738
G-2140CT 85T;85T AL ABT SHK CT  ;73269090;1260834;1.05;UN;53702.11;0;0;89092
G-2140CT 120T;120T AL ABT SHK CT ;73269090;1260843;1.05;UN;73564.19;0;0;122043
G-2140CT 150T;150T AL ABT SHK CT ;73269090;1260852;1.05;UN;164286.94;0;0;272552
G-2140CT 175T;175T AL ABT SHK CT ;73269090;1260861;1.05;UN;178666.65;0;0;296408
G-2140CT 200T;200T AL ABT SHK CT ;73269090;1260870;1.05;UN;245861.25;0;0;407884
G-2140CT 250T;250T AL ABT SHK CT ;73269090;1260889;1.05;UN;296525.04;0;0;491935
G-2140E 200T;MANILHA CROSBY G-2140E 200.00 TN;73269090;1021475;1.05;UN;71339.17;0;0;118352
G-2140E 250T ;MANILHA CROSBY G-2140E 250.00 TN;73269090;1021484;1.05;UN;76245.54;0;0;126491
G-2140E 300T;MANILHA CROSBY G-2140E 300.00 TN;73269090;1021493;1.05;UN;145759.92;0;0;241816
"G-215 75T 5/16""";" .75T RPC SHK 5/16""";73269090;1018838;1.05;UN;57.36;0;0;95
"G-215 1T 3/8""";"1.00T RPC SHK  3/8""";73269090;1018856;1.05;UN;69.06;0;0;115
"G-215  1.50T 7/16""";"1.50T RPC SHK 7/16""";73269090;1018874;1.05;UN;88.67;0;0;147
"G-215 2.00T 1/2""";"2.00T RPC SHK  1/2""";73269090;1018892;1.05;UN;93.83;0;0;156
"G-215 3.25T 5/8""";"3.25T RPC SHK  5/8""";73269090;1018918;1.05;UN;143.21;0;0;238
"G-215 4.75T 3/4""";"4.75T RPC SHK  3/4""";73269090;1018936;1.05;UN;344.43;0;0;571
"G-215 6.50T 7/8""";"6.50T RPC SHK  7/8""";73269090;1018954;1.05;UN;560.79;0;0;930
G-215 8.50T 1IN ;8.50T RPC SHK  1IN ;73269090;1018972;1.05;UN;489.7;0;0;812
"G-215 12T 1-1/4""";"12T RPC SHK  1-1/4""";73269090;1019016;1.05;UN;1093.26;0;0;1814
"G-215 13.5T 1-3/8""";"13.5T RPC SHK1-3/8""";73269090;1019034;1.05;UN;1845.13;0;0;3061
"G-215 17T 1-1/2""";"17T RPC SHK  1-1/2""";73269090;1019052;1.05;UN;1421.1;0;0;2358
"G-215 25T 1-3/4""";"25T RPC SHK  1-3/4""";73269090;1019070;1.05;UN;3305.49;0;0;5484
G-2150 0.50 ;MANILHA CROSBY G-2150 0.50 TN;73269090;1019768;1.05;UN;80.28;0;0;133
G-2150 0.75 ;MANILHA CROSBY G-2150 0.75 TN;73269090;1019770;1.05;UN;86.23;0;0;143
G-2150 1T ;MANILHA CROSBY G-2150 1 TN;73269090;1019772;1.05;UN;96.81;0;0;161
G-2150 1.5 ;MANILHA CROSBY G-2150 1.5 TN;73269090;1019774;1.05;UN;124.62;0;0;207
G-2150 2T ;MANILHA CROSBY G-2150 2.00 TN;73269090;1019775;1.05;UN;84.96;0;0;141
G-2150 3.25T ;MANILHA CROSBY G-2150 3.25 TN;73269090;1019793;1.05;UN;129.88;0;0;215
G-2150 4.75T ;MANILHA CROSBY G-2150 4.75 TN;73269090;1019819;1.05;UN;180.77;0;0;300
G-2150 6.50T ;MANILHA CROSBY G-2150 6.50 TN;73269090;1019837;1.05;UN;257.5;0;0;427
G-2150 8.50T ;MANILHA CROSBY G-2150 8.50 TN;73269090;1019855;1.05;UN;398.02;0;0;660
G-2150 55.0T ;MANILHA CROSBY G-2150 55.00 TN;73269090;1019999;1.05;UN;12332.79;0;0;20460
G-2160 7T ;MANILHA CROSBY G-2160 7.00 TN;73269090;1021256;1.05;UN;1702.34;0;0;2824
G-2160 12.50T ;MANILHA CROSBY G-2160 12.50 TN;73269090;1021265;1.05;UN;2224.58;0;0;3691
G-2160 18T ;MANILHA CROSBY G-2160 18.00 TN;73269090;1021274;1.05;UN;4259.52;0;0;7067
G-2160 30T ;MANILHA CROSBY G-2160 30.00 TN;73269090;1021283;1.05;UN;9098.14;0;0;15094
G-2160 40T ;MANILHA CROSBY G-2160 40.00 TN;73269090;1021285;1.05;UN;12407.23;0;0;20584
G-2160 55T ;MANILHA CROSBY G-2160 55.00 TN;73269090;1021287;1.05;UN;16535.07;0;0;27432
75T STEEL SLING SHK;MANILHA CROSBY G-2160 75 TN;73269090;1022101;1.05;UN;19237.66;0;0;31915
125T STEEL SLING SH;MANILHA CROSBY G-2160 125 TN;73269090;1022110;1.05;UN;41804.11;0;0;69353
200T STEEL SLING SH;MANILHA CROSBY G-2160 200 TN;73269090;1022118;1.05;UN;71435.36;0;0;118511
300T STEEL SLING SH;MANILHA CROSBY G-2160 300 TN;73269090;1022127;1.05;UN;121553.32;0;0;201657
G-2160E 75 TN ;MANILHA CROSBY G-2160E 75 TN;73269090;1021500;1.05;UN;20401.34;0;0;33846
G-2160E 200 TN ;MANILHA CROSBY G-2160E 200 TN;73269090;1021518;1.05;UN;62567.56;0;0;103800
G-2160E 300 TN ;MANILHA CROSBY G-2160E 300 TN;73269090;1021527;1.05;UN;126133.64;0;0;209256
G-2169 7T;7T SP SLING SHK    ;73269090;1021655;1.05;UN;437;0;0;725
G-2169 12.5T;12.5T SP SLING SHK ;73269090;1021673;1.05;UN;913.25;0;0;1515
G-2169 18T;18T SP SLING SHK   ;73269090;1021691;1.05;UN;1910.6;0;0;3170
G-4075 9-1/2T;9-1/2T SHACKLE PIN ;73269090;1082599;1.05;UN;199.29;0;0;331
G-4075 13-1/2T;13-1/2T SHACKLE PIN;73269090;1082633;1.05;UN;469.12;0;0;778
G-4075 17T;17T SHACKLE PIN    ;73269090;1082651;1.05;UN;539.91;0;0;896
G-4075 25T;25T SHACKLE PIN    ;73269090;1082679;1.05;UN;737.73;0;0;1224
G-4075 35T;35T SHACKLE PIN    ;73269090;1082697;1.05;UN;1465.36;0;0;2431
G-4075 55T;55T SHACKLE PIN    ;73269090;1082713;1.05;UN;1967.32;0;0;3264
G-4076 9-1/2T;9-1/2T SHKL PIN&CTR;73269090;1082232;1.05;UN;342.46;0;0;568
G-4076 12T;12 T SHKLE PIN&CTR ;73269090;1082250;1.05;UN;634.45;0;0;1053
G-4076 13-1/2T;13-1/2T SHKL PIN&CT;73269090;1082278;1.05;UN;692.59;0;0;1149
G-4076 17T;17 T SHKLE PIN&CTR ;73269090;1082296;1.05;UN;1090.61;0;0;1809
G-4076 25T;25 T SHKLE PIN&CTR ;73269090;1082312;1.05;UN;1438.81;0;0;2387
G-4076 35T;35 T SHKLE PIN&CTR ;73269090;1082330;1.05;UN;1774.45;0;0;2944
G-4077 9-1/2T;9-1/2T SHK BLT ASSY;73269090;1082839;1.05;UN;472.11;0;0;783
G-4077 12T;12T SHKL BOLT ASSY ;73269090;1082857;1.05;UN;881.36;0;0;1462
G-4077 13-1/2T;13-1/2T SHK BLT ASY;73269090;1082875;1.05;UN;1206.96;0;0;2002
G-4077 17T;17T SHKL BOLT ASSY ;73269090;1082893;1.05;UN;1573.57;0;0;2611
G-4077 25T;25T SHKL BOLT ASSY ;73269090;1082919;1.05;UN;1639.35;0;0;2720
G-4077 35T;35T SHKL BOLT ASSY ;73269090;1082937;1.05;UN;2548.26;0;0;4228
G-4077 55T;55T SHKL BOLT ASSY ;73269090;1082955;1.05;UN;3843.1;0;0;6376
G-4077 85T;85TN GL BLT HT ASSY;73269090;1084449;1.05;UN;9525.09;0;0;15802
G-4077 120T;120 TN GL BLT ASSY ;73269090;1084452;1.05;UN;19083.67;0;0;31660
G-4077 150-175T;150-175T GL BLT ASY;73269090;1084456;1.05;UN;35547.52;0;0;58973
G-4077 120/150T;120/150T GL BLT ASY;73269090;1084454;1.05;UN;15941.57;0;0;26447
G-4078 400T;400T GLV BLT,NT,CTR;73269090;1020068;1.05;UN;57401.66;0;0;95229
G-4078 30T;30T GLV BLT,NUT,CTR;73269090;1084409;1.05;UN;2067.4;0;0;3430
G-4078 40T;40T GLV BLT,NUT,CTR;73269090;1084418;1.05;UN;3264.31;0;0;5415
G-4078 55T;55T BOLT,NUT & CTR ;73269090;1084427;1.05;UN;4092.94;0;0;6790
G-4078 85T;85T GLV BLT,NUT,CTR;73269090;1084436;1.05;UN;7106.16;0;0;11789
G-4078 120T;120T GL BLT ASSY   ;73269090;1084445;1.05;UN;11726.41;0;0;19454
G-4078 175T;175T GL BLT ASY    ;73269090;1084463;1.05;UN;30358.1;0;0;50364
G-4089C 2 1/4;2 1/4 EZ LOC COLLAR;73269090;1025800;1.05;UN;1542.66;0;0;2559
G-4089C 2 5/8;2 5/8 EZ LOC COLLAR;73269090;1025819;1.05;UN;2628.19;0;0;4360
G-4089C 3 1/2;3 1/2 EZ LOC COLLAR;73269090;1025828;1.05;UN;5465.63;0;0;9067
G-4089C 4;4 EZ LOC COLLAR    ;73269090;1025837;1.05;UN;7097.79;0;0;11775
G-4089C 5 1/4;5 1/4 EZ LOC COLLAR;73269090;1025855;1.05;UN;11441.83;0;0;18982
ROV T HANDLE       ;ROV T HANDLE       ;73269090;1021306;1.05;UN;1505.84;0;0;2498
ROV F HANDLE       ;ROV F HANDLE       ;73269090;1021315;1.05;UN;2212.41;0;0;3670
ROV D HANDLE       ;ROV D HANDLE       ;73269090;1021324;1.05;UN;2212.41;0;0;3670
ROV EYE HANDLE     ;ROV EYE HANDLE     ;73269090;1021333;1.05;UN;1468.77;0;0;2437
"1.00T SPA SHK  3/8""";"1.00T SPA SHK  3/8""";73269090;1018706;1.05;UN;100.41;0;0;167
"1.50T SPA SHK 7/16""";"1.50T SPA SHK 7/16""";73269090;1018724;1.05;UN;110.78;0;0;184
"2.00T SPA SHK  1/2""";"2.00T SPA SHK  1/2""";73269090;1018742;1.05;UN;130.68;0;0;217
"3.25T SPA SHK  5/8""";"3.25T SPA SHK  5/8""";73269090;1018760;1.05;UN;235.21;0;0;390
"4.75T SPA SHK  3/4""";"4.75T SPA SHK  3/4""";73269090;1018778;1.05;UN;228.13;0;0;378
S-2135 85T ;MANILHA CROSBY S-2135 85 TN;73269090;1205009;1.05;UN;10521.56;0;0;17455
S-2135 120T ;MANILHA CROSBY S-2135 120 TN;73269090;1205018;1.05;UN;12901.73;0;0;21404
S-2135 150T ;MANILHA CROSBY S-2135 150 TN;73269090;1205027;1.05;UN;27425.91;0;0;45500
S-2135 200T ;MANILHA CROSBY S-2135 200 TN;73269090;1205036;1.05;UN;32483.14;0;0;53890
S-2135 250T ;MANILHA CROSBY S-2135 250 TN;73269090;1205045;1.05;UN;40824.83;0;0;67728
S-2135 300T ;MANILHA CROSBY S-2135 300 TN;73269090;1205054;1.05;UN;55444.81;0;0;91983
S-2135 400T ;MANILHA CROSBY S-2135 400 TN;73269090;1205063;1.05;UN;69680.1;0;0;115599
S-2145 120T ;MANILHA CROSBY S-2145 120 TN;73269090;1205072;1.05;UN;10449.95;0;0;17336
S-2145 150T ;MANILHA CROSBY S-2145 150 TN;73269090;1205081;1.05;UN;15207.01;0;0;25228
S-2145 175T ;MANILHA CROSBY S-2145 175 TN;73269090;1205090;1.05;UN;19165.78;0;0;31796
"3.25T RS BLT SHK 1""";"3.25T RS BLT SHK 1""";73269090;1020485;1.05;UN;221.88;0;0;368
"6.50 RS BLT SHK1.5""";"6.50 RS BLT SHK1.5""";73269090;1020496;1.05;UN;398.32;0;0;661
"8.75T RS BLT SHK 2""";"8.75T RS BLT SHK 2""";73269090;1020507;1.05;UN;518.16;0;0;860
"12.50 RS BLT SHK 3""";"12.50 RS BLT SHK 3""";73269090;1020518;1.05;UN;979.67;0;0;1625
"20.50 RS BLT SHK 4""";"20.50 RS BLT SHK 4""";73269090;1020529;1.05;UN;1833.06;0;0;3041
"35.00 RS BLT SHK 5""";"35.00 RS BLT SHK 5""";73269090;1020540;1.05;UN;4564.73;0;0;7573
"50.00 RS BLT SHK 6""";"50.00 RS BLT SHK 6""";73269090;1020551;1.05;UN;9531.71;0;0;15813
"3.25T RS SPN SHK 1""";"3.25T RS SPN SHK 1""";73269090;1020575;1.05;UN;237.51;0;0;394
"6.50 RS SPN SHK1.5""";"6.50 RS SPN SHK1.5""";73269090;1020584;1.05;UN;319.82;0;0;531
"8.75T RS SPN SHK 2""";"8.75T RS SPN SHK 2""";73269090;1020593;1.05;UN;345.94;0;0;574
"12.50 RS SPN SHK 3""";"12.50 RS SPN SHK 3""";73269090;1020602;1.05;UN;887.51;0;0;1472
"20.50 RS SPN SHK 4""";"20.50 RS SPN SHK 4""";73269090;1020611;1.05;UN;1584.82;0;0;2629
"SPOOL F S252/3   1""";"SPOOL F S252/3   1""";73269090;1020903;1.05;UN;87.94;0;0;146
"SPOOL F S252/3 1.5""";"SPOOL F S252/3 1.5""";73269090;1020912;1.05;UN;174.68;0;0;290
"SPOOL F S252/3   2""";"SPOOL F S252/3   2""";73269090;1020921;1.05;UN;214.69;0;0;356
"SPOOL F S252/3   3""";"SPOOL F S252/3   3""";73269090;1020930;1.05;UN;166.75;0;0;277
"SPOOL F S252/3   4""";"SPOOL F S252/3   4""";73269090;1020939;1.05;UN;252.98;0;0;420
"LNK PLT F S252/3 1""";"LNK PLT F S252/3 1""";73269090;1020785;1.05;UN;749.74;0;0;1244
"LNK PLT F S252 1.5""";"LNK PLT F S252 1.5""";73269090;1020796;1.05;UN;802.62;0;0;1332
"LNK PLT F S252/3 2""";"LNK PLT F S252/3 2""";73269090;1020807;1.05;UN;821.39;0;0;1363
"LNK PLT F S252/3 3""";"LNK PLT F S252/3 3""";73269090;1020818;1.05;UN;1315.24;0;0;2182
"LNK PLT F S252/3 4""";"LNK PLT F S252/3 4""";73269090;1020829;1.05;UN;1047;0;0;1737
"LNK PLT F S252/3 5""";"LNK PLT F S252/3 5""";73269090;1020840;1.05;UN;1985.4;0;0;3294
"LNK PLT F S252/3 6""";"LNK PLT F S252/3 6""";73269090;1020851;1.05;UN;5510.03;0;0;9141
3.25TN WEB SHKL    ;3.25TN WEB SHKL    ;73269090;1021048;1.05;UN;190.37;0;0;316
4.50TN WEB SHKL    ;4.50TN WEB SHKL    ;73269090;1021057;1.05;UN;250.36;0;0;415
6.25TN WEB SHKL    ;6.25TN WEB SHKL    ;73269090;1021066;1.05;UN;345.94;0;0;574
8.50TN WEB SHKL    ;8.50TN WEB SHKL    ;73269090;1021075;1.05;UN;505.7;0;0;839
3.25T SPOOL/COVER  ;3.25T SPOOL/COVER  ;73269090;1021820;1.05;UN;177.25;0;0;294
4.50T SPOOL/COVER  ;4.50T SPOOL/COVER  ;73269090;1021821;1.05;UN;1120.74;0;0;1859
6.25T SPOOL/COVER  ;6.25T SPOOL/COVER  ;73269090;1021822;1.05;UN;191.84;0;0;318
;;;;;;;;;
;;;;;;;;;
;;;;;;;;;
;;;;;;;;;
;;;;;;;;;
;;;;;;;;;
;;;;;;;;;
;;;;;;;;;
;;;;;;;;;
;;;;;;;;;
;;;;;;;;;
;;;;;;;;;
;;;;;;;;;
;;;;;;;;;
;;;;;;;;;
;;;;;;;;;
;;;;;;;;;
;;;;;;;;;
;;;;;;;;;
;;;;;;;;;
;;;;;;;;;
;;;;;;;;;
;;;;;;;;;
;;;;;;;;;
;;;;;;;;;
;;;;;;;;;
;;;;;;;;;
;;;;;;;;;
;;;;;;;;;
;;;;;;;;;
;;;;;;;;;
;;;;;;;;;
;;;;;;;;;
;;;;;;;;;
;;;;;;;;;
;;;;;;;;;
;;;;;;;;;
;;;;;;;;;
;;;;;;;;;
;;;;;;;;;
;;;;;;;;;
;;;;;;;;;
;;;;;;;;;
;;;;;;;;;
;;;;;;;;;
;;;;;;;;;
;;;;;;;;;
;;;;;;;;;
;;;;;;;;;
;;;;;;;;;
;;;;;;;;;
;;;;;;;;;
;;;;;;;;;
;;;;;;;;;
;;;;;;;;;
;;;;;;;;;
;;;;;;;;;
;;;;;;;;;
;;;;;;;;;
;;;;;;;;;
;;;;;;;;;
;;;;;;;;;
;;;;;;;;;
;;;;;;;;;
;;;;;;;;;
;;;;;;;;;
;;;;;;;;;
;;;;;;;;;
;;;;;;;;;
;;;;;;;;;
;;;;;;;;;
;;;;;;;;;
;;;;;;;;;
;;;;;;;;;
;;;;;;;;;
;;;;;;;;;
;;;;;;;;;
;;;;;;;;;
;;;;;;;;;
;;;;;;;;;
;;;;;;;;;
;;;;;;;;;
;;;;;;;;;
;;;;;;;;;
;;;;;;;;;
;;;;;;;;;
;;;;;;;;;
;;;;;;;;;
;;;;;;;;;
;;;;;;;;;
;;;;;;;;;
;;;;;;;;;
;;;;;;;;;
;;;;;;;;;
;;;;;;;;;
;;;;;;;;;
;;;;;;;;;
;;;;;;;;;
;;;;;;;;;
;;;;;;;;;
;;;;;;;;;
;;;;;;;;;
;;;;;;;;;
;;;;;;;;;
;;;;;;;;;
;;;;;;;;;
;;;;;;;;;
;;;;;;;;;
;;;;;;;;;
;;;;;;;;;
;;;;;;;;;
;;;;;;;;;
;;;;;;;;;
;;;;;;;;;
;;;;;;;;;
;;;;;;;;;
;;;;;;;;;
;;;;;;;;;
;;;;;;;;;
;;;;;;;;;
;;;;;;;;;
;;;;;;;;;
;;;;;;;;;
;;;;;;;;;
;;;;;;;;;
;;;;;;;;;
;;;;;;;;;
;;;;;;;;;
;;;;;;;;;
;;;;;;;;;
;;;;;;;;;
;;;;;;;;;
;;;;;;;;;
;;;;;;;;;
;;;;;;;;;
;;;;;;;;;
;;;;;;;;;
;;;;;;;;;
;;;;;;;;;
;;;;;;;;;
;;;;;;;;;
;;;;;;;;;
;;;;;;;;;
;;;;;;;;;
;;;;;;;;;
;;;;;;;;;
;;;;;;;;;
;;;;;;;;;
;;;;;;;;;
;;;;;;;;;
;;;;;;;;;
;;;;;;;;;
;;;;;;;;;
;;;;;;;;;
;;;;;;;;;
;;;;;;;;;
;;;;;;;;;
;;;;;;;;;
;;;;;;;;;
;;;;;;;;;
;;;;;;;;;
;;;;;;;;;
;;;;;;;;;
;;;;;;;;;
;;;;;;;;;
;;;;;;;;;
;;;;;;;;;
;;;;;;;;;
;;;;;;;;;
;;;;;;;;;
;;;;;;;;;
;;;;;;;;;
;;;;;;;;;
;;;;;;;;;
;;;;;;;;;
;;;;;;;;;
;;;;;;;;;
;;;;;;;;;
;;;;;;;;;
;;;;;;;;;
;;;;;;;;;
;;;;;;;;;
;;;;;;;;;
;;;;;;;;;
;;;;;;;;;
;;;;;;;;;
;;;;;;;;;
;;;;;;;;;
;;;;;;;;;
;;;;;;;;;
;;;;;;;;;
;;;;;;;;;
;;;;;;;;;
;;;;;;;;;
;;;;;;;;;
;;;;;;;;;
;;;;;;;;;
;;;;;;;;;
;;;;;;;;;
;;;;;;;;;
;;;;;;;;;
;;;;;;;;;
;;;;;;;;;
;;;;;;;;;
;;;;;;;;;
;;;;;;;;;
;;;;;;;;;
;;;;;;;;;
;;;;;;;;;
;;;;;;;;;
;;;;;;;;;
;;;;;;;;;
;;;;;;;;;
;;;;;;;;;
;;;;;;;;;
;;;;;;;;;
;;;;;;;;;
;;;;;;;;;
;;;;;;;;;
;;;;;;;;;
;;;;;;;;;
;;;;;;;;;
;;;;;;;;;
;;;;;;;;;
;;;;;;;;;
;;;;;;;;;
;;;;;;;;;
;;;;;;;;;
;;;;;;;;;
;;;;;;;;;
;;;;;;;;;
;;;;;;;;;
;;;;;;;;;
;;;;;;;;;
;;;;;;;;;
;;;;;;;;;
;;;;;;;;;
;;;;;;;;;
;;;;;;;;;
;;;;;;;;;
;;;;;;;;;
;;;;;;;;;
;;;;;;;;;
;;;;;;;;;
;;;;;;;;;
;;;;;;;;;
;;;;;;;;;
;;;;;;;;;
;;;;;;;;;
;;;;;;;;;
;;;;;;;;;
;;;;;;;;;
;;;;;;;;;
;;;;;;;;;
;;;;;;;;;
;;;;;;;;;
;;;;;;;;;
;;;;;;;;;
;;;;;;;;;
;;;;;;;;;
;;;;;;;;;
;;;;;;;;;
;;;;;;;;;
;;;;;;;;;
;;;;;;;;;
;;;;;;;;;
;;;;;;;;;
;;;;;;;;;
;;;;;;;;;
;;;;;;;;;
;;;;;;;;;
;;;;;;;;;
;;;;;;;;;
;;;;;;;;;
;;;;;;;;;
;;;;;;;;;
;;;;;;;;;
;;;;;;;;;
;;;;;;;;;
;;;;;;;;;
;;;;;;;;;
;;;;;;;;;
;;;;;;;;;
;;;;;;;;;
;;;;;;;;;
;;;;;;;;;
;;;;;;;;;
;;;;;;;;;
;;;;;;;;;
;;;;;;;;;
;;;;;;;;;
;;;;;;;;;
;;;;;;;;;
;;;;;;;;;
;;;;;;;;;
;;;;;;;;;
;;;;;;;;;
;;;;;;;;;
;;;;;;;;;
;;;;;;;;;
;;;;;;;;;
;;;;;;;;;
;;;;;;;;;
;;;;;;;;;
;;;;;;;;;
;;;;;;;;;
;;;;;;;;;
;;;;;;;;;
;;;;;;;;;
;;;;;;;;;
;;;;;;;;;
;;;;;;;;;
;;;;;;;;;
;;;;;;;;;
;;;;;;;;;
;;;;;;;;;
;;;;;;;;;
;;;;;;;;;
;;;;;;;;;
;;;;;;;;;
;;;;;;;;;
;;;;;;;;;
;;;;;;;;;
;;;;;;;;;
;;;;;;;;;
;;;;;;;;;
;;;;;;;;;
;;;;;;;;;
;;;;;;;;;
;;;;;;;;;
;;;;;;;;;
;;;;;;;;;
;;;;;;;;;
;;;;;;;;;
;;;;;;;;;
;;;;;;;;;
;;;;;;;;;
;;;;;;;;;
;;;;;;;;;
;;;;;;;;;
;;;;;;;;;
;;;;;;;;;
;;;;;;;;;
;;;;;;;;;
;;;;;;;;;
;;;;;;;;;
;;;;;;;;;
;;;;;;;;;
;;;;;;;;;
;;;;;;;;;
;;;;;;;;;
;;;;;;;;;
;;;;;;;;;
;;;;;;;;;
;;;;;;;;;
;;;;;;;;;
