PLAQUETA;PLAQUETA;86100000;N46000;1;PC;21;1;40;40
BLP-M30x3.5;BLP-M30GRABIQ;73269090;Z102030;1.05;PC;2792.94;202;4633;4546
"BLP-UNC11/4""-7";"BLP-UNC11/4""-7GRABIQ";73269090;Z102130;1.05;PC;2792.94;202;4633;4546
BLP-M8x1.25;BLP-M8GrabiQ;73269090;Z102008;1.05;PC;457.97;112;760;745
BLP-M10x1.5;BLP-M10GrabiQ;73269090;Z102010;1.05;PC;486.58;112;807;792
BLP-M12x1.75;BLP-M12GRABIQ;73269090;Z102012;1.05;PC;543.81;112;902;885
BLP-M16x2;BLP-M16GrabiQ;73269090;Z102016;1.05;PC;601.1;112;997;978
BLP-M20x2.5;BLP-M20GrabiQ;73269090;Z102020;1.05;PC;698.38;132;1159;1137
BLP-M24x3;BLP-M24GRABIQ;73269090;Z102024;1.05;PC;1232.62;145;2045;2006
BLP-M36x4;BLP-M36GRABIQ;73269090;Z102036;1.05;PC;2878.43;202;4775;4685
BLP-M42x4.5;BLP-M42GRABIQ;73269090;Z102042;1.05;PC;5821.01;242;9657;9474
BLP-M48x5;BLP-M48GRABIQ;73269090;Z102048;1.05;PC;6063.27;242;10059;9868
"BLP-UNC5/16""-18";"BLP-UNC5/16""-18GrabiQ";73269090;Z102108;1.05;PC;457.97;112;760;745
"BLP-UNC3/8""-16";"BLP-UNC3/8""-16GrabiQ";73269090;Z102110;1.05;PC;486.58;112;807;792
"BLP-UNC1/2""-13";"BLP-UNC1/2""-13GrabiQ";73269090;Z102112;1.05;PC;543.81;112;902;885
"BLP-UNC5/8""-11";"BLP-UNC5/8""-11GrabiQ";73269090;Z102116;1.05;PC;601.1;112;997;978
"BLP-UNC3/4""-10";"BLP-UNC3/4""-10GrabiQ";73269090;Z102120;1.05;PC;652.62;132;1083;1062
"BLP-UNC7/8""-9";"BLP-UNC7/8""-9GrabiQ";73269090;Z102121;1.05;PC;698.38;132;1159;1137
"BLP-UNC1""-8";"BLP-UNC1""-8GRABIQ";73269090;Z102124;1.05;PC;1232.62;145;2045;2006
"BLP-UNC11/2""-6";"BLP-UNC11/2""-6GRABIQ";73269090;Z102136;1.05;PC;2878.43;202;4775;4685
"BLP-UNC13/4""-5";"BLP-UNC13/4""-5GRABIQ";73269090;Z102142;1.05;PC;5821.01;242;9657;9474
"BLP-UNC2""-4.5";"BLP-UNC2""-4,5GRABIQ";73269090;Z102148;1.05;PC;6063.27;242;10059;9868
DLP-M8x1.25;DLP-M8GrabiQ;73269090;Z102208;1.05;PC;349.2;78;579;568
DLP-M10x1.5;DLP-M10GrabiQ;73269090;Z102210;1.05;PC;372.1;78;617;606
DLP-M30x3.5;DLP-M30GRABIQ;73269090;Z102230;1.05;PC;1745.6;182;2896;2841
"DLP-UNC1""-8";"DLP-UNC1""-8GRABIQ";73269090;Z102324;1.05;PC;1015.3;145;1684;1652
DLP-M12x1.75;DLP-M12GRABIQ;73269090;Z102212;1.05;PC;400.72;91;665;652
DLP-M20x2.5;DLP-M20GRABIQ;73269090;Z102220;1.05;PC;819.35;145;1359;1333
DLP-M36x4;DLP-M36GRABIQ;73269090;Z102236;1.05;PC;2101.83;182;3487;3421
DLP-M42x4.5;DLP-M42GRABIQ;73269090;Z102242;1.05;PC;3811.8;216;6324;6204
DLP-M48x5;DLP-M48GRABIQ;73269090;Z102248;1.05;PC;4260.67;216;7068;6934
"DLP-UNC5/16""-18";"DLP-UNC5/16""-18GrabiQ";73269090;Z102308;1.05;PC;349.2;78;579;568
"DLP-UNC3/8""-16";"DLP-UNC3/8""-16GrabiQ";73269090;Z102310;1.05;PC;372.1;78;617;606
"DLP-UNC1/2""-13";"DLP-UNC1/2""-13GrabiQ";73269090;Z102312;1.05;PC;400.72;91;665;652
"DLP-UNC3/4""-10";"DLP-UNC3/4""-10GRABIQ";73269090;Z102320;1.05;PC;819.35;145;1359;1333
"DLP-UNC11/4""-7";"DLP-UNC11/4""-7GRABIQ";73269090;Z102330;1.05;PC;2101.83;182;3487;3421
"DLP-UNC11/2""-6";"DLP-UNC11/2""-6GRABIQ";73269090;Z102336;1.05;PC;3811.8;182;6324;6204
"DLP-UNC13/4""-5";"DLP-UNC13/4""-5GRABIQ";73269090;Z102342;1.05;PC;4239.31;216;7033;6899
"DLP-UNC2""-4,5";"DLP-UNC2""-4,5GRABIQ";73269090;Z102348;1.05;PC;4367.55;216;7246;7108
DLP-M16x2;DLP-M16GrabiQ;73269090;Z102216;1.05;PC;412.16;91;684;671
DLP-M24x3;DLP-M24GRABIQ;73269090;Z102224;1.05;PC;862.11;145;1430;1403
"DLP-UNC5/8""-11";"DLP-UNC5/8""-11GrabiQ";73269090;Z102316;1.05;PC;412.16;91;684;671
"DLP-UNC7/8""-9";"DLP-UNC7/8""-9GRABIQ";73269090;Z102321;1.05;PC;862.11;145;1430;1403
DLP-M8-LBProtrusion=97,5mm;DLP-M8-LBProtrusion=97,5mm;73269090;Z1022080L;1.05;PC;504.4;0;837;821
DLP-M10-LBProtrusion=97,5mm;DLP-M10-LBProtrusion=97,5mm;73269090;Z1022100L;1.05;PC;582.4;0;966;948
DLP-M12-LBProtrusion=118mm;DLP-M12-LBProtrusion=118mm;73269090;Z1022120L;1.05;PC;810.02;0;1344;1318
DLP-M16-LBProtrusion=158mm;DLP-M16-LBProtrusion=158mm;73269090;Z1022160L;1.05;PC;855.37;0;1419;1392
DLP-M20-LBProtrusioin=198mm;DLP-M20-LBProtrusioin=198mm;73269090;Z1022200L;1.05;PC;1391.53;0;2309;2265
DLP-M24-LBProtrusion=238mm;DLP-M24-LBProtrusion=238mm;73269090;Z1022240L;1.05;PC;1547.14;0;2567;2518
DLP-M30-LBProtrusion=295mm;DLP-M30-LBProtrusion=295mm;73269090;Z1022300L;1.05;PC;3288.11;0;5455;5351
DLP-M36-LBProtrusion=295mm;DLP-M36-LBProtrusion=295mm;73269090;Z1022360L;1.05;PC;3862.51;0;6408;6286
DLP-M42-LBProtrusion=293mm;DLP-M42-LBProtrusion=293mm;73269090;Z1022420L;1.05;PC;6964.78;0;11555;11335
DLP-M48-LBProtrusion=293mm;DLP-M48-LBProtrusion=293mm;73269090;Z1022480L;1.05;PC;7747.24;0;12853;12609
DLP-5/16-18UNC-LBProtrusion=;DLP-5/16-18UNC-LBProtrusion=;73269090;Z1023080L;1.05;PC;588.62;0;977;958
DLP-3/8-16UNC-LBProtrusion=;DLP-3/8-16UNC-LBProtrusion=;73269090;Z1023100L;1.05;PC;618.85;0;1027;1007
DLP-1/2-13UNC-LBProtrusion;DLP-1/2-13UNC-LBProtrusion;73269090;Z1023120L;1.05;PC;865.15;0;1435;1408
DLP-5/8-11UNC-LBProtrusion;DLP-5/8-11UNC-LBProtrusion;73269090;Z1023160L;1.05;PC;894.49;0;1484;1456
"DLP-3/4""-10UNC-LBProtrusion=198mm";"DLP-3/4""-10UNC-LBProtrusion=198mm";73269090;Z1023200L;1.05;PC;1.452;0;2409;2363
"DLP-7/8""-9UNC-LBProtrusion=238mm";"DLP-7/8""-9UNC-LBProtrusion=238mm";73269090;Z1023210L;1.05;PC;1517.79;0;2518;2470
"DLP-1""-8UNC-LBProtrusion=238mm";"DLP-1""-8UNC-LBProtrusion=238mm";73269090;Z1023240L;1.05;PC;1786.32;0;2964;2907
"DLP-11/4""-7UNC-LBProtrusion=295mm";"DLP-11/4""-7UNC-LBProtrusion=295mm";73269090;Z1023300L;1.05;PC;4083.91;0;6775;6647
"DLP-11/2""-6UNC-LBProtrusion=295mm";"DLP-11/2""-6UNC-LBProtrusion=295mm";73269090;Z1023360L;1.05;PC;6540.66;0;10851;10645
"DLP13/4""-5UNC-LBProtrusioin=293mm";"DLP13/4""-5UNC-LBProtrusioin=293mm";73269090;Z1023420L;1.05;PC;7421.81;0;12313;12079
"DLP2""-4.5UNC-LBProtrusion=293mm";"DLP2""-4.5UNC-LBProtrusion=293mm";73269090;Z1023480L;1.05;PC;7641.43;0;12677;12436
ELP-M20-8;ELP-M20-8EYELIFTINGPOINTClassic;73269090;Z100435;1.05;PC;246.17;58;408;401
ELP-M24-8;ELP-M24-8EYELIFTINGPOINTClassic;73269090;Z100436;1.05;PC;304.73;69;506;496
RDDLPM8LBProtrusion=97,5mm;RDDLPM8LBProtrusion=97,5mm;73269090;Z10220801L;1.05;PC;173.02;0;287;282
RDDLP-M8x1,25;RDDLP-M8x1,25;73269090;Z1022081;1.05;PC;92.26;0;153;150
RDDLPM10LBProtrusion=97,5mm;RDDLPM10LBProtrusion=97,5mm;73269090;Z10221001L;1.05;PC;170.99;0;284;278
RDDLP-M10x1,5;RDDLP-M10x1,5;73269090;Z1022101;1.05;PC;96.27;0;160;157
RDDLPM12LBProtrusion=118mm;RDDLPM12LBProtrusion=118mm;73269090;Z10221201L;1.05;PC;432.04;0;717;703
RDDLP-M12x1,75;RDDLP-M12x1,75;73269090;Z1022121;1.05;PC;100.46;0;167;163
RDDLPM16LBProtrusion=158mm;RDDLPM16LBProtrusion=158mm;73269090;Z10221601L;1.05;PC;474.54;0;787;772
RDDLP-M16x2;RDDLP-M16x2;73269090;Z1022161;1.05;PC;105.23;0;175;171
RDDLPM20LBProtrusion=198mm;RDDLPM20LBProtrusion=198mm;73269090;Z10222001L;1.05;PC;818.55;0;1358;1332
RDDLP-M20x2,5;RDDLP-M20x2,5;73269090;Z1022201;1.05;PC;166.55;0;276;271
RDDLPM24LBProtrusion=238mm;RDDLPM24LBProtrusion=238mm;73269090;Z10222401L;1.05;PC;974.37;0;1616;1586
RDDLP-M24x3;RDDLP-M24x3;73269090;Z1022241;1.05;PC;173.79;0;288;283
RDDLPM30LBProtrusion=295mm;RDDLPM30LBProtrusion=295mm;73269090;Z10223001L;1.05;PC;2342.32;0;3886;3812
RDDLP-M30;RDDLP-M30;73269090;Z1022301;1.05;PC;520.88;0;864;848
RDDLPM36LBProtrusion=295mm;RDDLPM36LBProtrusion=295mm;73269090;Z10223601L;1.05;PC;2605.39;0;4322;4240
RDDLP-M36;RDDLP-M36;73269090;Z1022361;1.05;PC;540.05;0;896;879
RDDLPM42LBProtrusion=293mm;RDDLPM42LBProtrusion=293mm;73269090;Z10224201L;1.05;PC;4292.06;0;7121;6985
RDDLP-M42;RDDLP-M42;73269090;Z1022421;1.05;PC;1331.31;0;2209;2167
RDDLPM48LBProtrusion=293mm;RDDLPM48LBProtrusion=293mm;73269090;Z10224801L;1.05;PC;4673.51;0;7753;7606
RDDLP-M48;RDDLP-M48;73269090;Z1022481;1.05;PC;1409.34;0;2338;2294
"RDDLPUNC5/16""LBProtrusion=97,5mm";"RDDLPUNC5/16""LBProtrusion=97,5mm";73269090;Z10230801L;1.05;PC;149.75;0;248;244
"RDDLPUNC5/16""";"RDDLPUNC5/16""";73269090;Z1023081;1.05;PC;65.77;0;109;107
"RDDLPUNC3/8""LBProtrusion=97,5mm";"RDDLPUNC3/8""LBProtrusion=97,5mm";73269090;Z10231001L;1.05;PC;145.7;0;242;237
"RDDLPUNC3/8""";"RDDLPUNC3/8""";73269090;Z1023101;1.05;PC;67.79;0;112;110
"RDDLPUNC1/2""LBProtrusion=118mm";"RDDLPUNC1/2""LBProtrusion=118mm";73269090;Z10231201L;1.05;PC;425.97;0;707;693
"RDDLPUNC1/2""";"RDDLPUNC1/2""";73269090;Z1023121;1.05;PC;71.84;0;119;117
"RDDLPUNC5/8""LBProtrusion=158mm";"RDDLPUNC5/8""LBProtrusion=158mm";73269090;Z10231601L;1.05;PC;446.2;0;740;726
"RDDLP-UNC5/8""";"RDDLP-UNC5/8""";73269090;Z1023161;1.05;PC;74.87;0;124;122
"RDDLPUNC3/4""LBProtrusion=198mm";"RDDLPUNC3/4""LBProtrusion=198mm";73269090;Z10232001L;1.05;PC;781.11;0;1296;1271
"RDDLP-UNC3/4""";"RDDLP-UNC3/4""";73269090;Z1023201;1.05;PC;127.49;0;212;207
"RDDLPUNC7/8""LBProtrusion=238mm";"RDDLPUNC7/8""LBProtrusion=238mm";73269090;Z10232101L;1.05;PC;801.35;0;1329;1304
"RDDLP-UNC7/8""";"RDDLP-UNC7/8""";73269090;Z1023211;1.05;PC;127.49;0;212;207
"RDDLPUNC1""LBProtrusion=238mm";"RDDLPUNC1""LBProtrusion=238mm";73269090;Z10232401L;1.05;PC;949.07;0;1575;1545
"RDDLP-UNC1""";"RDDLP-UNC1""";73269090;Z1023241;1.05;PC;131.53;0;218;214
"RDDLPUNC11/4""LBProtrusion=295mm";"RDDLPUNC11/4""LBProtrusion=295mm";73269090;Z10233001L;1.05;PC;2667.11;0;4425;4341
"RDDLP-UNC11/4""";"RDDLP-UNC11/4""";73269090;Z1023301;1.05;PC;652.61;0;1083;1062
"RDDLPUNC11/2""LBProtrusion=295mm";"RDDLPUNC11/2""LBProtrusion=295mm";73269090;Z10233601L;1.05;PC;3136.59;0;5204;5105
"RDDLPUNC11/2""";"RDDLPUNC11/2""";73269090;Z1023361;1.05;PC;666.78;0;1106;1085
"RDDLPUNC13/4""LBProtrusion=293mm";"RDDLPUNC13/4""LBProtrusion=293mm";73269090;Z10234201L;1.05;PC;4790.88;0;7948;7797
"RDDLP-UNC13/4""";"RDDLP-UNC13/4""";73269090;Z1023421;1.05;PC;1842.49;0;3057;2999
"RDDLPUNC2""LBProtrusion=293mm";"RDDLPUNC2""LBProtrusion=293mm";73269090;Z10234801L;1.05;PC;4955.81;0;8222;8066
"RDDLP-UNC2""";"RDDLP-UNC2""";73269090;Z1023481;1.05;PC;1925.46;0;3194;3134
RDRLPV2-M8LBProtrusion=101mm;RDRLPV2-M8LBProtrusion=101mm;73269090;Z10170801L;1.05;PC;153.79;0;255;250
RDRLPV2-M8x1,25;RDRLPV2-M8x1,25;73269090;Z1017081;1.05;PC;69;0;114;112
RDRLPV2-M10LBProtrusion=101mm;RDRLPV2-M10LBProtrusion=101mm;73269090;Z10171001L;1.05;PC;194.27;0;322;316
RDRLPV2-M10x1,5;RDRLPV2-M10x1,5;73269090;Z1017101;1.05;PC;71.98;0;119;117
RDRLPV2-M12LBProtrusion=120mm;RDRLPV2-M12LBProtrusion=120mm;73269090;Z10171201L;1.05;PC;309.61;0;514;504
RDRLPV2-M12x1,75;RDRLPV2-M12x1,75;73269090;Z1017121;1.05;PC;76.55;0;127;125
RDRLPV2-M16LBProtrusion=160mm;RDRLPV2-M16LBProtrusion=160mm;73269090;Z10171601L;1.05;PC;353.12;0;586;575
RDRLPV2-M16x2;RDRLPV2-M16x2;73269090;Z1017161;1.05;PC;80.26;0;133;131
RDRLPV2-M20LBProtrusion=200mm;RDRLPV2-M20LBProtrusion=200mm;73269090;Z10172001L;1.05;PC;644.52;0;1069;1049
RDRLPV2-M20x2,5;RDRLPV2-M20x2,5;73269090;Z1017201;1.05;PC;135.21;0;224;220
RDRLPV2-M24LBProtrusion=240mm;RDRLPV2-M24LBProtrusion=240mm;73269090;Z10172401L;1.05;PC;794.26;0;1318;1293
RDRLPV2-M24x3;RDRLPV2-M24x3;73269090;Z1017241;1.05;PC;141.08;0;234;230
RDRLPV2-M30LBProtrusion=300mm;RDRLPV2-M30LBProtrusion=300mm;73269090;Z10173001L;1.05;PC;2380.77;0;3950;3875
RDRLPV2-M30x3,5;RDRLPV2-M30x3,5;73269090;Z1017301;1.05;PC;520.88;0;864;848
RDRLPV2-M36LBProtrusion=300mm;RDRLPV2-M36LBProtrusion=300mm;73269090;Z10173601L;1.05;PC;2614.5;0;4337;4255
RDRLPV2-M36x4;RDRLPV2-M36x4;73269090;Z1017361;1.05;PC;540.05;0;896;879
RDRLPV2-M42LBProtrusion=301mm;RDRLPV2-M42LBProtrusion=301mm;73269090;Z10174201L;1.05;PC;4.287;0;7112;6977
RDRLPV2-M42x4,5;RDRLPV2-M42x4,5;73269090;Z1017421;1.05;PC;1358.2;0;2253;2210
RDRLPV2-M48LBProtrusion=301mm;RDRLPV2-M48LBProtrusion=301mm;73269090;Z10174801L;1.05;PC;4334.56;0;7191;7054
RDRLPV2-M48x5;RDRLPV2-M48x5;73269090;Z1017481;1.05;PC;1409.34;0;2338;2294
"RDRLPV2-UNC5/16""LBProtrusion=101mm";"RDRLPV2-UNC5/16""LBProtrusion=101mm";73269090;Z10180801L;1.05;PC;154.81;0;257;252
"RDRLPV2-UNC5/16""-18";"RDRLPV2-UNC5/16""-18";73269090;Z1018081;1.05;PC;68.99;0;114;112
"RDRLPV2-UNC3/8""LBProtrusion=101mm";"RDRLPV2-UNC3/8""LBProtrusion=101mm";73269090;Z10181001L;1.05;PC;182.12;0;302;296
"RDRLPV2-UNC3/8""-16";"RDRLPV2-UNC3/8""-16";73269090;Z1018101;1.05;PC;71.98;0;119;117
"RDRLPV2-UNC1/2""LBProtrusion=120mm";"RDRLPV2-UNC1/2""LBProtrusion=120mm";73269090;Z10181201L;1.05;PC;425.97;0;707;693
"RDRLPV2-UNC1/2""-13";"RDRLPV2-UNC1/2""-13";73269090;Z1018121;1.05;PC;76.55;0;127;125
"RDRLPV2-UNC5/8""LBProtrusion=160mm";"RDRLPV2-UNC5/8""LBProtrusion=160mm";73269090;Z10181601L;1.05;PC;446.2;0;740;726
"RDRLPV2-UNC5/8""-11";"RDRLPV2-UNC5/8""-11";73269090;Z1018161;1.05;PC;80.26;0;133;131
"RDRLPV2-UNC3/4""LBProtrusion=200mm";"RDRLPV2-UNC3/4""LBProtrusion=200mm";73269090;Z10182001L;1.05;PC;777.06;0;1289;1265
"RDRLPV2-UNC3/4""-10";"RDRLPV2-UNC3/4""-10";73269090;Z1018201;1.05;PC;135.98;0;226;221
"RDRLPV2-UNC7/8""LBProtrusion=240mm";"RDRLPV2-UNC7/8""LBProtrusion=240mm";73269090;Z10182101L;1.05;PC;920.74;0;1528;1499
"RDRLPV2-UNC7/8""-9";"RDRLPV2-UNC7/8""-9";73269090;Z1018211;1.05;PC;135.98;0;226;221
"RDRLPV2-UNC1""LBProtrusion=240mm";"RDRLPV2-UNC1""LBProtrusion=240mm";73269090;Z10182401L;1.05;PC;924.79;0;1534;1505
"RDRLPV2-UNC1""-8";"RDRLPV2-UNC1""-8";73269090;Z1018241;1.05;PC;141.08;0;234;230
"RDRLPV2-UNC11/4""LBProtrusion=300mm";"RDRLPV2-UNC11/4""LBProtrusion=300mm";73269090;Z10183001L;1.05;PC;2396.96;0;3977;3901
"RDRLPV2-UNC11/4""";"RDRLPV2-UNC11/4""";73269090;Z1018301;1.05;PC;699.14;0;1160;1138
"RDRLPV2-UNC11/2""LBProtrusion=300mm";"RDRLPV2-UNC11/2""LBProtrusion=300mm";73269090;Z10183601L;1.05;PC;3303.53;0;5481;5376
"RDRLPV2-UNC11/2""";"RDRLPV2-UNC11/2""";73269090;Z1018361;1.05;PC;713.72;0;1184;1162
"RDRLPV2-UNC13/4""LBProtrusion=301mm";"RDRLPV2-UNC13/4""LBProtrusion=301mm";73269090;Z10184201L;1.05;PC;4672.5;0;7752;7604
"RDRLPV2-UNC13/4""";"RDRLPV2-UNC13/4""";73269090;Z1018421;1.05;PC;1972.58;0;3273;3210
"RDRLPV2-UNC2""LBProtrusion=301mm";"RDRLPV2-UNC2""LBProtrusion=301mm";73269090;Z10184801L;1.05;PC;5101.51;0;8463;8303
"RDRLPV2-UNC2""";"RDRLPV2-UNC2""";73269090;Z1018481;1.05;PC;2061.93;0;3421;3356
RELP-M12x1.75;RELP-M12GrabiQ;73269090;Z102412;1.05;PC;280.52;47;465;457
"RELP-UNC1/2""-13";"RELP-UNC1/2""-13GRABIQ";73269090;Z102512;1.05;PC;280.52;47;465;457
"RELP-UNC2""-4,5";"RELP-UNC2""-4,5GRABIQ";73269090;Z102548;1.05;PC;2792.94;135;4633;4546
RELP-M8x1.25;RELP-M8GrabiQ;73269090;Z102408;1.05;PC;251.89;42;418;410
RELP-M10x1.5;RELP-M10GRABIQ;73269090;Z102410;1.05;PC;269.05;42;446;438
RELP-M16x2;RELP-M16GrabiQ;73269090;Z102416;1.05;PC;309.11;57;513;503
RELP-M20x2.5;RELP-M20GRABIQ;73269090;Z102420;1.05;PC;562.86;60;934;916
RELP-M24x3;RELP-M24GRABIQ;73269090;Z102424;1.05;PC;676.84;71;1123;1102
RELP-M30x3.5;RELP-M30GRABIQ;73269090;Z102430;1.05;PC;919.1;90;1525;1496
RELP-M36x4;RELP-M36GRABIQ;73269090;Z102436;1.05;PC;1261.1;104;2092;2052
RELP-M42x4.5;RELP-M42GRABIQ;73269090;Z102442;1.05;PC;2037.7;119;3381;3316
RELP-M485;RELP-M48GRABIQ;73269090;Z102448;1.05;PC;2721.71;135;4515;4430
"RELP-UNC5/16""-18";"RELP-UNC5/16""-18GRABIQ";73269090;Z102508;1.05;PC;251.89;42;418;410
"RELP-UNC3/8""-16";"RELP-UNC3/8""-16GRABIQ";73269090;Z102510;1.05;PC;269.05;42;446;438
"RELP-UNC5/8""-11";"RELP-UNC5/8""-11GRABIQ";73269090;Z102516;1.05;PC;309.11;57;513;503
"RELP-UNC1""-8";"RELP-UNC1""-8GRABIQ";73269090;Z102524;1.05;PC;691.12;71;1147;1125
"RELP-UNC11/4""-7";"RELP-UNC11/4""-7GRABIQ";73269090;Z102530;1.05;PC;961.85;90;1596;1565
"RELP-UNC11/2""-6";"RELP-UNC11/2""-6GRABIQ";73269090;Z102536;1.05;PC;1346.6;104;2234;2192
"RELP-UNC3/4""-10";"RELP-UNC3/4""-10GRABIQ";73269090;Z102520;1.05;PC;577.12;60;957;939
"RELP-UNC7/8""-9";"RELP-UNC7/8""-9GRABIQ";73269090;Z102521;1.05;PC;619.85;60;1028;1009
"RELP-UNC13/4""-5";"RELP-UNC13/4""-5GRABIQ";73269090;Z102542;1.05;PC;2108.94;119;3499;3432
RLP-M8;RLPV2-M8GRABIQ;73269090;Z101708;1.05;PC;562.44;62;933;915
RLP-M10;RLPV2-M10GRABIQ;73269090;Z101710;1.05;PC;566.96;62;941;923
RLP-M12;RLPv2-M12GRABIQ;73269090;Z101712;1.05;PC;684.63;88;1136;1114
RLP-M16;RLPV2-M16GRABIQ;73269090;Z101716;1.05;PC;691.39;88;1147;1125
RLP-M20;RLPV2-M20GRABIQ;73269090;Z101720;1.05;PC;1006.68;110;1670;1638
RLP-M24;RLPV2-M24GRABIQ;73269090;Z101724;1.05;PC;1020.66;110;1693;1661
RLP-M30;RLPV2-M30GRABIQ;73269090;Z101730;1.05;PC;2827.73;148;4691;4602
RLP-M36;RLPV2-M36GRABIQ;73269090;Z101736;1.05;PC;2778.95;148;4610;4523
RLP-M42;RLPV2-M42GRABIQ;73269090;Z101742;1.05;PC;4828.42;190;8010;7858
RLP-M48;RLPV2-M48GRABIQ;73269090;Z101748;1.05;PC;5124.87;190;8502;8341
"RLP-UNC5/16""-18";"RLPV2-UNC5/16""-18GRABIQ";73269090;Z101808;1.05;PC;319.42;62;530;520
"RLP-UNC3/8""-16";"RLPV2-UNC3/8""-16GRABIQ";73269090;Z101810;1.05;PC;338.9;62;562;552
"RLP-UNC1/2""-13";"RLPV2-UNC1/2""-13GRABIQ";73269090;Z101812;1.05;PC;401.84;88;667;654
"RLP-UNC5/8""-11";"RLPV2-UNC5/8""-11GRABIQ";73269090;Z101816;1.05;PC;420.75;88;698;685
"RLP-UNC3/4""-10";"RLPV2-UNC3/4""-10GRABIQ";73269090;Z101820;1.05;PC;698.38;110;1159;1137
"RLP-UNC7/8""-9";"RLPV2-UNC7/8""-9GRABIQ";73269090;Z101821;1.05;PC;732.74;110;1216;1193
"RLP-UNC1""-8";"RLPV2-UNC1""-8GRABIQ";73269090;Z101824;1.05;PC;749.91;110;1244;1220
"RLP-UNC11/4""-7";"RLPV2-UNC11/4""-7GRABIQ";73269090;Z101830;1.05;PC;1660.09;148;2754;2702
"RLP-UNC11/2""-6";"RLPV2-UNC11/2""-6GRABIQ";73269090;Z101836;1.05;PC;1711.62;148;2840;2786
"RLP-UNC2""-4,5";"RLPV2-UNC2""-4,5GRABIQ";73269090;Z101848;1.05;PC;3606.41;190;5983;5869
"RLP-UNC13/4""-5";"RLPV2-UNC13/4""-5GRABIQ";73269090;Z101842;1.05;PC;3463.28;190;5746;5636
RLPM8-LBProtrusion=101mm;RLPM8-LBProtrusion=101mm;73269090;Z1017080L;1.05;PC;905;0;1501;1473
RLPM10-LBProtrusion=101mm;RLPM10-LBProtrusion=101mm;73269090;Z1017100L;1.05;PC;952.12;0;1580;1550
RLPM12-LBProtrusion=120mm;RLPM12-LBProtrusion=120mm;73269090;Z1017120L;1.05;PC;1258.92;0;2089;2049
RLPM16-LBProtrusion=160mm;RLPM16-LBProtrusion=160mm;73269090;Z1017160L;1.05;PC;1306.33;0;2167;2126
RLPM20-LBProtrusion=200mm;RLPM20-LBProtrusion=200mm;73269090;Z1017200L;1.05;PC;1798.33;0;2983;2927
RLPM24-LBProtrusion=240mm;RLPM24-LBProtrusion=240mm;73269090;Z1017240L;1.05;PC;1897.63;0;3148;3088
RLPM30-LBProtrusion=300mm;RLPM30-LBProtrusion=300mm;73269090;Z1017300L;1.05;PC;6337.43;0;10514;10314
RLPM36-LBProtrusion=300mm;RLPM36-LBProtrusion=300mm;73269090;Z1017360L;1.05;PC;6416.01;0;10644;10442
RLPM42-LBProtrusion=301mm;RLPM42-LBProtrusion=301mm;73269090;Z1017420L;1.05;PC;9553.44;0;15849;15548
RLPM48-LBProtrusion=301mm;RLPM48-LBProtrusion=301mm;73269090;Z1017480L;1.05;PC;9919.58;0;16457;16144
"RLPUNC5/16""-18-LBProtrusion=101mm";"RLPUNC5/16""-18-LBProtrusion=101mm";73269090;Z1018080L;1.05;PC;547.77;0;909;891
"RLPUNC3/8""-16-LBProtrusion=101mm";"RLPUNC3/8""-16-LBProtrusion=101mm";73269090;Z1018100L;1.05;PC;595.79;0;988;970
"RLPUNC1/2""-13-LBProtrusion=120mm";"RLPUNC1/2""-13-LBProtrusion=120mm";73269090;Z1018120L;1.05;PC;867;0;1438;1411
"RLPUNC5/8""-11-LBProtrusion=160mm";"RLPUNC5/8""-11-LBProtrusion=160mm";73269090;Z1018160L;1.05;PC;907.91;0;1506;1478
"RLPUNC3/4""-10-LBProtrusion=200mm";"RLPUNC3/4""-10-LBProtrusion=200mm";73269090;Z1018200L;1.05;PC;1470.79;0;2440;2394
"RLPUNC7/8""-9-LBProtrusion=240mm";"RLPUNC7/8""-9-LBProtrusion=240mm";73269090;Z1018210L;1.05;PC;1629.96;0;2704;2653
"RLPUNC1""-8-LBProtrusion=240mm";"RLPUNC1""-8-LBProtrusion=240mm";73269090;Z1018240L;1.05;PC;1821.15;0;3021;2964
"RLPUNC11/4""-7-LBProtrusion=300mm";"RLPUNC11/4""-7-LBProtrusion=300mm";73269090;Z1018300L;1.05;PC;3786.35;0;6282;6162
"RLPUNC11/2""-6-LBProtrusion=300mm";"RLPUNC11/2""-6-LBProtrusion=300mm";73269090;Z1018360L;1.05;PC;4518.19;0;7496;7353
"RLPUNC13/4""-5-LBProtrusion=301mm";"RLPUNC13/4""-5-LBProtrusion=301mm";73269090;Z1018420L;1.05;PC;7062.29;0;11716;11494
"RLPUNC2""-4,5-LBProtrusion=301mm";"RLPUNC2""-4,5-LBProtrusion=301mm";73269090;Z1018480L;1.05;PC;7454.44;0;12367;12132
WLP-4T;WLP-4T;73269090;Z7009011;1.05;PC;203.55;48;338;331
WLP-7T;WLP-7T;73269090;Z7009021;1.05;PC;349.06;73;579;568
WLP-16T;WLP-16T;73269090;Z7009041;1.05;PC;1151.6;0;1911;1874
WLP-2,5T;WLP-2,5T;73269090;Z7009001;1.05;PC;189.56;53;314;309
KLA26-10(200);KLA26-10(200)L=50M;73158200;Z802248;10.975;M;1704.09;78;2955;2899
KLA13-10(200);KLA13-10(200)L=100M;73158200;Z802303;10.975;M;232.07;39;402;395
KLA22-10(200);KLA22-10(200)L=50M;73158200;Z802246;10.975;M;1426.36;66;2473;2426
KLA6-10(200);KLA6-10(200)L=200M;73158200;Z802300;10.975;M;98.32;18;170;167
KLA8-10(200);KLA8-10(200)L=200M;73158200;Z802301;10.975;M;121.75;24;211;207
KLA10-10(200);KLA10-10(200)L=100M;73158200;Z802302;10.975;M;150.92;30;262;257
KLA16-10(200);KLA16-10(200)L=100M;73158200;Z802304;10.975;M;366.92;48;636;624
KLA6-10(400);KLA6-10(400)L=200M;73158200;Z802306;10.975;M;133.46;18;231;227
KLA8-10(400);KLA8-10(400)L=200M;73158200;Z802307;10.975;M;162.27;24;281;276
KLA10-10(400);KLA10-10(400)L=100M;73158200;Z802308;10.975;M;216.93;30;376;369
KLA13-10(400);KLA13-10(400)L=100M;73158200;Z802309;10.975;M;373.62;39;648;636
KLA16-10(400);KLA16-10(400)L=100M;73158200;Z802310;10.975;M;536.41;48;930;913
KLA7-10(200);KLA7-10(200)L=200M;73158200;Z802337;10.975;M;97.89;21;170;167
KLA32-10;KLA32-10L=25M;73158200;Z802440;10.975;M;2829.31;96;4906;4813
KLA20-10(200);KLA20-10(200)L=50M;73158200;Z802305;10.975;M;873.42;60;1515;1486
KLB19-8E;KLB19-8EL=100M;73158200;Z801203;10.975;M;545.11;57;945;927
KLB26-8E;KLB26-8EL=50M;73158200;Z801231;10.975;M;1443.36;78;2503;2455
KLB10-8E;KLB10-8EL=100M;73158200;Z802156;10.975;M;131.15;30;227;223
KLB13-8E;KLB13-8EL=100M;73158200;Z802157;10.975;M;218.21;39;378;371
KLB6-8E;KLB6-8EL=200M;73158200;Z802174;10.975;M;110.33;18;191;188
KLB7-8E;KLB7-8EL=200M;73158200;Z802175;10.975;M;110.33;21;191;188
KLB8-8E;KLB8-8EL=200M;73158200;Z802176;10.975;M;112.68;24;195;192
KLB16-8E;KLB16-8EL=100M;73158200;Z802177;10.975;M;298.23;48;517;507
KLB22-8E;KLB22-8EL=50M;73158200;Z801228;10.975;M;1109.79;66;1924;1888
KLB32-8E;KLB32-8EL=25M;73158200;Z801232;10.975;M;2.274;96;3943;3868
SKLI-13-8;SKLI-13-8CLASSIC;73159000;Z100415;10.975;PC;3784.41;120;6562;6438
G-16-8;G-16-8Classic;73159000;Z279634;10.975;PC;441.52;105;766;751
SKA-10-8;SKA-10-8Classic;73159000;Z318024;10.975;PC;55.53;0;96;94
SKA-32-8;SKA-32-8ClassicLOCKINGSET;73159000;Z650554;10.975;PC;539.52;165;936;918
SKT-22-8;SKT-22-8Classic;73159000;Z100225;10.975;PC;538.22;76;933;916
SKT-26-8;SKT-26-8Classic;73159000;Z100226;10.975;PC;896.95;80;1555;1526
UKN-0,75;UKN-0,75Classic;73269090;Z1002560;1.05;PC;648.35;81.5;1076;1055
SKLI-7/8-8;SKLI-7/8-8Classic;73159000;Z100316;10.975;PC;2788.47;75;4835;4744
SKLI-10-8;SKLI-10-8Classic;73159000;Z100414;10.975;PC;3135.79;97;5438;5334
SKLI-18/20-8;SKLI-18/20-8Classic;73159000;Z100417;10.975;PC;5465.89;159;9478;9298
EKN-32-8;EKN-32-8Classic;73269090;Z100725;1.05;PC;3713.4;333;6161;6044
UKN-15;UKN-15Classic;73269090;Z1007850;1.05;PC;2521.06;240;4182;4103
OG-7/8-8;OG-7/8-8Classic;73269090;Z100811;1.05;PC;131.51;65;218;214
BK-26-8OSHDG;BK-26-8OSHDG;73269090;ZG101355;1.05;PC;9675.47;342;16052;15747
BK-32-8;BK-32-8Classic;73269090;Z101357;1.05;PC;9519.7;236;15793;15493
BK-32-8OSHDG;BK-32-8OSHDG;73269090;ZG101364;1.05;PC;13705.74;400;22738;22306
SKR-7/8-8;SKR-7/8-8Classic;73269090;Z127840;1.05;PC;203.28;0;337;331
SKA-22-8;SKA-22-8Classic;73159000;Z133530;10.975;PC;198.39;0;344;337
SKR-10-8;SKR-10-8Classic;73269090;Z143143;1.05;PC;263.17;35;437;428
SKR-18/20-8;SKR-18/20-8Classic;73269090;Z143347;1.05;PC;968.76;42;1607;1577
SKA-18/20-8;SKA-18/20-8Classic;73159000;Z145048;10.975;PC;146.75;62;254;250
BL-10-8;BL-10-8Classic;73269090;Z208022;1.05;PC;199.16;71;330;324
G-7/8-8;G-7/8-8Classic;73159000;Z279333;10.975;PC;169.22;56;293;288
G-10-8;G-10-8Classic;73159000;Z279430;10.975;PC;222.79;68;386;379
G-13-8;G-13-8Classic;73159000;Z279537;10.975;PC;317.82;89;551;541
G-18/20-8;G-18/20-8Classic;73159000;Z279731;10.975;PC;586.04;125;1016;997
G-22-8;G-22-8Classic;73159000;Z279838;10.975;PC;777.41;152;1348;1322
OG-10-8;OG-10-8Classic;73269090;Z291022;1.05;PC;159.34;85;264;259
SA-22-8;SA-22-8Classic;73269090;Z294122;1.05;PC;1180.75;85;1959;1922
OG-13-8;OG-13-8Classic;73269090;Z295220;1.05;PC;306.18;104;508;498
OG-16-8;OG-16-8Classic;73269090;Z296221;1.05;PC;504.6;94;837;821
SKR-13-8;SKR-13-8Classic;73269090;Z302538;1.05;PC;478.42;104;794;779
SKA-13-8;SKA-13-8Classic;73159000;Z303822;10.975;PC;75.34;50;131;128
SA-26-8;SA-26-8Classic;73269090;Z304328;1.05;PC;2235.46;0;3709;3638
SKA-7/8-8;SKA-7/8-8Classic;73159000;Z323624;10.975;PC;47.66;116;83;81
BKH-6-8;BKH-6-8RTClassic;73269090;Z336222;1.05;PC;1021.58;0;1695;1663
G-26-8;G-26-8Classic;73159000;Z349171;10.975;PC;1435.17;161;2489;2441
G-32-8;G-32-8Classic;73159000;Z349189;10.975;PC;2384.03;200;4134;4056
SKG-10-8;SKG-10-8Classic;73269090;Z419781;1.05;PC;422.37;161;701;687
SKG-16-8;SKG-16-8Classic;73269090;Z419985;1.05;PC;792.86;200;1315;1290
SKN-7/8-8;SKN-7/8-8Classic;73269090;Z424682;1.05;PC;378.45;0;628;616
SKN-10-8;SKN-10-8Classic;73269090;Z424789;1.05;PC;533.91;0;886;869
SKT-7/8-8;HALFLINKSKT-7/8-8Classic;73159000;Z426286;10.975;PC;125.26;0;217;213
SKT-13-8;HALFLINKSKT-13-8Classic;73159000;Z426480;10.975;PC;208.32;28;361;354
SKT-16-8;HALFLINKSKT-16-8Classic;73159000;Z426587;10.975;PC;279.07;34;484;475
G-6-8;G-6-8Classic;73159000;Z622882;10.975;PC;182.22;45;316;310
OKE-32-8;FOUNDRYHOOKOKE-32-8Classic;73269090;Z645564;1.05;PC;8763.57;0;14539;14263
UKN-3;UNIVERSALWELD-ONHOOKUKN-3CLASSIC;73269090;Z6455730;1.05;PC;768.84;45;1276;1251
UKN-5;UNIVERSALWELD-ONHOOKUKN-5Classic;73269090;Z6455800;1.05;PC;1310.55;384;2174;2133
UKN-10;UNIVERSALWELD-ONHOOKUKN-10CLASSIC;73269090;Z6456030;1.05;PC;2075.34;132;3443;3378
UKN-1;UNIVERSALWELD-ONHOOKUKN-1Classic;73269090;Z6511810;1.05;PC;613.49;220;1018;998
BKH-7/8-8;BKH-7/8-8RTClassic;73269090;Z700809;1.05;PC;1210.48;95;2008;1970
GSA-10-8;CLEVISSHACKLEGSA-10-8Classic;73269090;Z700883;1.05;PC;571.63;181;948;930
GSA-13-8;CLEVISSHACKLEGSA-13-8Classic;73269090;Z700884;1.05;PC;950.08;60;1576;1546
UKN-2;UNIVERSALWELD-ONHOOKUKN-2Classic;73269090;Z7009060;1.05;PC;697.16;98;1157;1135
OBK-22-8;OBK-22-8Classic;73269090;Z100218;1.05;PC;3844.58;335;6378;6257
SKR-16-8;SKR-16-8Classic;73269090;Z143240;1.05;PC;920.86;0;1528;1499
SKA-16-8;SKA-16-8Classic;73159000;Z303725;10.975;PC;103.22;130;179;176
SKT-10-8;HALFLINKSKT-10-8Classic;73159000;Z426383;10.975;PC;152.99;0;265;260
SKT-18/20-8;HALFLINKSKT-18/20-8Classic;73159000;Z426684;10.975;PC;382.72;44;664;651
UKN-4;UNIVERSALWELD-ONHOOKUKN-4Classic;73269090;Z6521160;1.05;PC;812.69;0;1348;1323
GSA-7/8-8;CLEVISSHACKLEGSA-7/8-8Classic;73269090;Z700882;1.05;PC;499.02;140;828;812
GSA-16-8;CLEVISSHACKLEGSA-16-8Classic;73269090;Z700885;1.05;PC;1537.5;80;2551;2502
GKL-8-8;GKL-8-8Classic;73269090;Z700929;1.05;PC;780.71;0;1295;1271
CGD-10-10;CGD-10-10GrabIQ;73269090;B14722;1.05;PC;851.03;134;1412;1385
EGKN-20-10;EGKN-20-10GrabiQ;73269090;Z101127;1.05;PC;1857.53;209;3082;3023
GBK-13-10;GBK-13-10GrabiQ;73269090;Z100761;1.05;PC;1093.24;172;1814;1779
GG-7-10;GG-7-10GRABIQ;73269090;Z100845;1.05;PC;180.29;57;299;293
L-13;L-13GrabiQ;73159000;B14917;10.975;PC;188.42;0;327;321
LBK-7/8-10;LBK-7/8-10GrabiQ;73269090;Z100978;1.05;PC;959.3;177;1591;1561
LBK-13-10;LBK-13-10GrabiQ;73269090;Z100993;1.05;PC;1572.88;262;2609;2560
LBK-16-10;LBK-16-10GrabiQ;73269090;Z100995;1.05;PC;2377.41;324;3944;3869
C-13;C-13GrabiQ;73159000;B14916;10.975;PC;296.7;0;514;505
CG-6-10;CG-6-10GrabIQ;73269090;B14730;1.05;PC;292.6;80;485;476
CG-8-10;CG-8-10GrabIQ;73269090;B14731;1.05;PC;346.86;107;575;565
CG-10-10;CG-10-10GrabIQ;73269090;B14732;1.05;PC;492.57;134;817;802
CG-13-10;CG-13-10GRABIQ;73269090;B14733;1.05;PC;637.18;172;1057;1037
CG-16-10;CG-16-10GrabIQ;73269090;B14734;1.05;PC;1297.83;215;2153;2112
CGD-6-10;CGD-6-10GrabIQ;73269090;B14720;1.05;PC;417.1;79;692;679
CGD-8-10;CGD-8-10GrabIQ;73269090;B14721;1.05;PC;536.32;107;890;873
CGD-13-10;CGD-13-10GrabIQ;73269090;B14723;1.05;PC;1403.7;173;2329;2285
CGD-16-10;CGD-16-10GrabIQ;73269090;B14724;1.05;PC;2664.72;215;4421;4337
CL-6-10;CL-6-10GrabiQ;73269090;B14750;1.05;PC;260.85;43;433;425
CL-8-10;CL-8-10GrabiQ;73269090;B14751;1.05;PC;286.17;58;475;466
CL-10-10;CL-10-10GrabiQ;73269090;B14752;1.05;PC;388.45;74;644;632
CL-13-10;CL-13-10GrabiQ;73269090;B14753;1.05;PC;627.65;94;1041;1022
CLD-6-10;CLD-6-10GrabiQ;73269090;B14740;1.05;PC;395.22;43;656;643
CLD-8-10;CLD-8-10GrabiQ;73269090;B14741;1.05;PC;501.58;58;832;816
CLD-10-10;CLD-10-10GrabiQ;73269090;B14742;1.05;PC;660.6;74;1096;1075
CLD-13-10;CLD-13-10GrabiQ;73269090;B14743;1.05;PC;839.73;94;1393;1367
CLD-16-10;CLD-16-10GrabiQ;73269090;B14744;1.05;PC;1215.9;119;2017;1979
CLS-6;CLS-6GrabiQClevisconnectionset;73159000;B14930;10.975;PC;45.67;0;79;78
CLS-8;CLS-8GrabiQClevisconnectionset;73159000;B14931;10.975;PC;45.67;0;79;78
CLS-10;CLS-10GrabiQClevisconnectionset;73159000;B14932;10.975;PC;59.07;0;102;100
CLS-16;CLS-16GrabiQClevisconnectionset;73159000;B14934;10.975;PC;110.57;0;192;188
CS-8;CS-8C-CONNECTIONSETGrabiQ;73159000;B14921;10.975;PC;29.75;0;52;51
CS-10;CS-10C-CONNECTIONSETGrabiQ;73159000;B14922;10.975;PC;35.85;0;62;61
CS-13;CS-13C-CONNECTIONSETGrabiQ;73159000;B14923;10.975;PC;42;0;73;71
EGKN-6-10;EGKN-6-10GrabiQ;73269090;B14460;1.05;PC;254.23;86;422;414
EGKN-10-10;EGKN-10-10GrabiQ;73269090;B14462;1.05;PC;366.63;121;608;597
EGKN-13-10;EGKN-13-10GrabiQ;73269090;B14463;1.05;PC;572.42;145;950;932
EGKN-16-10;EGKN-16-10GrabiQ;73269090;B14464;1.05;PC;939.01;170;1558;1528
EGKN-8-10;EGKN-8-10GRABIQ;73269090;B14461;1.05;PC;269.54;95;447;439
G-6-10;G-6-10GrabiQ;73159000;Z100821;10.975;PC;182.22;45;316;310
G-10-10;G-10-10GrabiQ;73159000;Z100823;10.975;PC;222.79;68;386;379
G-13-10;G-13-10GrabiQ;73159000;Z100824;10.975;PC;317.82;89;551;541
G-16-10;G-16-10GrabiQ;73159000;Z100825;10.975;PC;441.55;106;766;751
G-20-10;G-20-10GrabiQ;73159000;Z101119;10.975;PC;705.24;125;1223;1200
G-22-10;G-22-10GrabiQ;73159000;Z101339;10.975;PC;1033.03;152;1791;1757
G-26-10;G-26-10GrabiQ;73159000;Z101365;10.975;PC;1825.73;161;3166;3106
G-32-8;G-32-10GrabiQ;73159000;Z101666;10.975;PC;2985.45;200;5177;5079
G-8-10;G-8-10GrabiQ;73159000;Z100822;10.975;PC;169.22;56;293;288
GBK-6-10;GBK-6-10GrabiQ;73269090;Z100758;1.05;PC;483.88;87;803;788
GBK-8-10;GBK-8-10GrabiQ;73269090;Z100759;1.05;PC;561.19;119;931;913
GBK-10-10;GBK-10-10GrabiQ;73269090;Z100760;1.05;PC;717.41;150;1190;1168
GG-6-10;GG-6-10GRABIQ;73269090;Z101844;1.05;PC;163.79;161;272;267
GG-8-10;GG-8-10GrabiQ;73269090;B14771;1.05;PC;236.25;57;392;384
GG-10-10;GG-10-10GrabiQ;73269090;B14772;1.05;PC;322.97;76;536;526
GG-16-10;GG-16-10GrabiQ;73269090;B14774;1.05;PC;815.08;10;1352;1327
L-10;L-10GrabiQ;73159000;B14915;10.975;PC;117.48;0;204;200
LBK-10-10;LBK-10-10GrabiQ;73269090;Z100960;1.05;PC;1160.81;214;1926;1889
LKBK-7/8-10;LKBK-7/8-10GRABIQ;73269090;Z100980;1.05;PC;1188.99;176;1973;1935
LKBK-10-10;LKBK-10-10GRABIQ;73269090;Z100962;1.05;PC;1338.69;213;2221;2179
LKBK-13-10;LKBK-13-10GRABIQ;73269090;Z100997;1.05;PC;1651.01;261;2739;2687
LKBK-16-10;LKBK-16-10GrabiQ;73269090;Z100999;1.05;PC;2870.15;323;4762;4671
M-90T-10;M-90T-10GrabIQ;73159000;Z101279;10.975;PC;8953.09;450;15525;15230
MFH-1310-10;MFH-1310-10GrabiQ;73159000;Z101262;10.975;PC;785.91;252;1363;1337
MFH-1613-10;MFH-1613-10GrabiQ;73159000;Z101263;10.975;PC;1044.78;278;1812;1777
MFH-2016-10;MFH-2016-10CRANEMASTERLINKGrabiQ;73159000;Z101264;10.975;PC;1120.71;312;1943;1906
MFH-2220-10;MFH-2220-10CRANEMASTERLINKGrabiQ;73159000;Z101265;10.975;PC;1219.16;360;2114;2074
MFHW-2220-10;MFHW-2220-10CRANEMASTERLINKGrabiQ;73159000;Z101266;10.975;PC;1349.81;355;2341;2296
MG-6-10;MG-6-10GrabIQ;73269090;B14710;1.05;PC;260.29;145;432;424
MG-8-10;MG-8-10GrabiQ;73269090;B14711;1.05;PC;334.38;171;555;544
MG-10-10;MG-10-10GrabiQ;73269090;B14712;1.05;PC;525.62;211;872;855
MG-13-10;MG-13-10GrabiQ;73269090;B14713;1.05;PC;657.35;261;1091;1070
MG-16-10;MG-16-10GrabiQ;73269090;B14714;1.05;PC;1049.07;311;1740;1707
MGD-6-10;MGD-6-10GrabIQ;73269090;B14700;1.05;PC;389.37;144;646;634
MGD-8-10;MGD-8-10GrabiQ;73269090;B14701;1.05;PC;559.16;171;928;910
MGD-10-10;MGD-10-10GrabiQ;73269090;B14702;1.05;PC;757.45;211;1257;1233
MGD-13-10;MGD-13-10GrabiQ;73269090;B14703;1.05;PC;1377.16;262;2285;2241
MGD-16-10;MGD-16-10GrabiQ;73269090;B14704;1.05;PC;2485.56;310;4124;4045
MIG-8-10;MIG-8-10GrabiQ;73269090;B14300;1.05;PC;629.41;95;1044;1024
MIG-10-10;MIG-10-10GrabiQ;73269090;B14310;1.05;PC;686.46;125;1139;1117
OKE-7/8-10;OKE-7/8-10GrabiQ;73269090;Z100853;1.05;PC;229.53;124;381;374
OKE-10-10;OKE-10-10GrabiQ;73269090;Z100854;1.05;PC;348.27;151;578;567
OKE-13-10;OKE-13-10GrabiQ;73269090;Z100855;1.05;PC;655.9;184;1088;1067
OKE-16-10;OKE-16-10GrabiQ;73269090;Z100898;1.05;PC;860.95;218;1428;1401
QP-6-10;QP-6GrabiQ;73159000;Z101010;10.975;PC;234.68;0;407;399
QP-8-10;QP-8GrabiQ;73159000;Z101011;10.975;PC;234.68;0;407;399
QP-10-10;QP-10GrabiQ;73159000;Z101012;10.975;PC;258.47;0;448;440
QP-13-10;QP-13GrabiQ;73159000;Z101013;10.975;PC;285.98;0;496;486
QP-16-10;QP-16GrabiQ;73159000;Z101014;10.975;PC;351.15;0;609;597
RH-1-10;RH-1-10GrabiQ;73269090;B14490;1.05;PC;426.71;84;708;694
RH-2-10;RH-2-10GrabiQ;73269090;B14491;1.05;PC;485.96;96;806;791
RH-3-10;RH-3-10GrabiQ;73269090;B14492;1.05;PC;557.02;117;924;907
RH-5-10;RH-5-10GrabiQ;73269090;B14493;1.05;PC;1233.52;155;2046;2008
C-8;C-8GrabiQ;73159000;B14904;10.975;PC;209.67;0;364;357
C-10;C-10GrabiQ;73159000;B14914;10.975;PC;207.71;0;360;353
CL-16-10;CL-16-10GrabiQ;73269090;B14754;1.05;PC;817.35;119;1356;1330
CLS-20;CLS-20GRABIQClevisconnectionset;73159000;B14935;10.975;PC;247.93;0;430;422
GBK-16-10;GBK-16-10GrabiQ;73269090;Z100762;1.05;PC;1636.02;208;2714;2663
GG-13-10;GG-13-10GrabiQ;73269090;B14773;1.05;PC;544.93;97;904;887
FLEXITAG8MM;IDTAGGRABIQ-FLEXI8MM;83100000;Z100972;1;PC;107.15;0;169;166
FLEXITAG6MM;IDTAGGRABIQ-FLEXI6MM;83100000;Z100971;1;PC;107.15;0;169;166
FLEXITAG10MM;IDTAGGRABIQ-FLEXI10MM;83100000;Z100973;1;PC;107.15;0;169;166
FLEXITAG13MM;IDTAGGRABIQ-FLEXI13MM;83100000;Z100974;1;PC;107.15;0;169;166
FLEXITAG16MM;IDTAGGRABIQ-FLEXI16MM;83100000;Z100975;1;PC;107.15;0;169;166
MIG-13-10;MIG-13-10GrabiQ;73269090;B14320;1.05;PC;1001.2;150;1661;1629
M-100T-10;M-100T-10GrabiQV2;73159000;Z200100;10.975;PC;9848.4;450;17078;16753
M-125T-10;M-125T-10GrabiQV2;73159000;Z200125;10.975;PC;11527.16;450;19989;19609
M-2622-10;M-2622-10GrabiQV2;73159000;Z202622;10.975;PC;861.81;250;1494;1466
M-3226-10;M-3226-10GrabiQV2;73159000;Z203226;10.975;PC;2012.7;300;3490;3424
M-3632-10;M-3632-10GrabiQV2;73159000;Z203632;10.975;PC;2544.17;350;4412;4328
MF-108-10;MF-108-10GrabiQV2;73159000;Z200108;10.975;PC;132.58;140;230;226
MF-1310-10;MF-1310-10GrabiQV2;73159000;Z2111310;10.975;PC;209.94;160;364;357
MF-1613-10;MF-1613-10GrabiQV2;73159000;Z211613;10.975;PC;329.21;190;571;560
MF-2016-10;MF-2016-10GrabiQV2;73159000;Z202016;10.975;PC;597.04;240;1035;1016
MF-2220-10;MF-2220-10GrabiQV2;73159000;Z202220;10.975;PC;698.2;250;1211;1188
MF-6-10;MF-6-10GrabiQV2;73159000;Z200060;10.975;PC;114.05;100;198;194
MF-86-10;MF-86-10GrabiQV2;73159000;Z200086;10.975;PC;112.21;120;195;191
MFX-108-10;MFX-108-10GrabiQV2;73159000;Z100921;10.975;PC;472.8;340;820;804
MFX-1310-10;MFX-1310-10GrabiQV2;73159000;Z100922;10.975;PC;562.48;340;975;957
MFX-1613-10;MFX-1613-10GrabiQV2;73159000;Z100923;10.975;PC;837.56;340;1452;1425
MFX-2016-10;MFX-2016-10GrabiQV2;73159000;Z100924;10.975;PC;852.04;340;1477;1449
MT-10-10;MT-10-10GrabiQV2;73159000;Z201000;10.975;PC;754.81;360;1309;1284
MT-13-10;MT-13-10GrabiQV2;73159000;Z201300;10.975;PC;1539.94;440;2670;2620
MT-16-10;MT-16-10GrabiQV2;73159000;Z201600;10.975;PC;2647.94;500;4592;4504
MT-20-10;MT-20-10GrabiQV2;73159000;Z202000;10.975;PC;3966.46;550;6878;6747
MT-22-10;MT-22-10GrabiQV2;73159000;Z202200;10.975;PC;5457.75;610;9464;9284
MT-26-10;MT-26-10GrabiQV2;73159000;Z202600;10.975;PC;12645.35;730;21928;21511
MT-32-10;MT-32-10GrabiQV2;73159000;Z203200;10.975;PC;15800.15;730;27398;26878
MT-6-10;MT-6-10GrabiQV2;73159000;Z200600;10.975;PC;374.46;285;649;637
MT-8-10;MT-8-10GrabiQV2;73159000;Z200800;10.975;PC;432.33;300;750;735
IDTAGG8STAINLESSSS2333;IDTAGG8STAINLESSSS2333CEUNIVERSAL;83100000;Z100004;1;PC;47.76;0;75;74
RDBK-6LT;RDBK-6withassemblykit;73182900;Z100282;1.065;PC;59.51;0;100;98
RDBK-22;RDBK-22withassemblykit;73182900;Z100287;1.065;PC;376.79;0;634;622
RDOBK-13;RDOBK-13withassemblykit;73182900;Z100290;1.065;PC;95.17;0;160;157
RDEKN-10EGKN;RDEKN-10EGKN;73182900;Z100450;1.065;PC;59.51;0;100;98
RDGKN-7/8-8;SPAREPARTSRDGKN7/8-8;73182900;Z622175;1.065;PC;55.53;52;93;92
RDEKN-16;RDEKN-16LKN-LKNG-LKNK-EGKN;73182900;Z100217;1.065;PC;115.05;0;194;190
RDBK-26;RDBK-26withassemblykit;73182900;Z100280;1.065;PC;952.19;0;1602;1572
RDBK-6;RDBK-6withassemblykit,longtrigger;73182900;Z1002820;1.065;PC;59.12;0;99;98
RDBK7/8;RDBK-7/8w.assemblykitlongtrigger;73182900;Z1002830;1.065;PC;63.09;0;106;104
RDBK-10;RDBK-10withassemblykit;73182900;Z100284;1.065;PC;63.44;0;107;105
RDBK-10withassemblykitlongtrigger;RDBK-10withassemblykitlongtrigger;73182900;Z1002840;1.065;PC;70.98;0;119;117
RDBK-13withassemblykitlongtrigger;RDBK-13withassemblykitlongtrigger;73182900;Z1002850;1.065;PC;94.59;0;159;156
RDBK-16;RDBK-16withassemblykit;73182900;Z100286;1.065;PC;202.32;0;340;334
RDOBK-7/8;RDOBK-7/8withassemblykit;73182900;Z100288;1.065;PC;63.44;0;107;105
RDOBK-10;RDOBK-10withassemblykit;73182900;Z100289;1.065;PC;71.4;0;120;118
RDBK-18/20;RDBK/OBK-18/20withassemblykit;73182900;Z100297;1.065;PC;285.77;0;481;472
RDEKN-6EGKN;RDEKN-6EGKN-OKN;73182900;Z100445;1.065;PC;47.66;0;80;79
RDEKN-7/8-8EGKN;RDEKN-7/8EGKN;73182900;Z100447;1.065;PC;55.55;0;93;92
RDEKN-13EGKN;RDEKN-13EGKN;73182900;Z100449;1.065;PC;91.31;0;154;151
RDEKN-22;RDEKN-22;73182900;Z100452;1.065;PC;916.44;0;1542;1513
RDEKN-18/20-GKN-19;RDEKN-18/20-GKN-19;73182900;Z100453;1.065;PC;130.94;0;220;216
RDEKN-26EGKN;RDEKN-26OKN;73182900;Z100742;1.065;PC;916.53;0;1542;1513
RDEKN-32EGKN;RDEKN-32OKN;73182900;Z100743;1.065;PC;916.53;0;1542;1513
SKA-7/8-10;SKA-7/8-10;73159000;Z100933;10.975;PC;47.66;0;83;81
SKA-10-10;SKA-10-10;73159000;Z100934;10.975;PC;55.55;0;96;94
SKA-6-10;SKA-6-10;73159000;Z100989;10.975;PC;43.66;0;76;74
SKA-13-10;SKA-13-10;73159000;Z100990;10.975;PC;75.34;0;131;128
RDSKN/OKN-18/20;RDSKN/OKN-18/20;73182900;Z421087;1.065;PC;130.99;0;220;216
RDGKN-13-8;RDGKN13-8SPAREPARTS;73182900;Z622206;1.065;PC;91.35;63;154;151
RDGKN-16-8;RDGKN16-8SPAREPARTS;73182900;Z622214;1.065;PC;115.05;0;194;190
RDBK-7/8LT;RDBK-7/8withassemblykit;73182900;Z100283;1.065;PC;59.54;0;100;98
RDBK-13;RDBK-13withassemblykit;73182900;Z100285;1.065;PC;91.26;0;154;151
RDOBK-16;RDOBK-16withassemblykit;73182900;Z100291;1.065;PC;218.2;0;367;360
SKA-16-10;SKA-16-10;73159000;Z100991;10.975;PC;103.22;0;179;176
RDSKN/LKN-7/8;RDSKN/LKN-7/8;73182900;Z420581;1.065;PC;55.18;127;93;91
RDSKN/LKN-13;RDSKN/LKN-13;73182900;Z420785;1.065;PC;90.68;175;153;150
RDSKN/OKN/LKN-16;RDSKN/OKN/LKN-16;73182900;Z420989;1.065;PC;114.29;0;192;189
BK-7/8-10;BK-7/8-10RTGrabiQ;73269090;Z101097;1.05;PC;536.08;138;889;872
BK-18/20-10;BK-18/20-10GrabiQ;73269090;Z101089;1.05;PC;3095.86;289;5136;5039
BKLK-22-10;BKLK-22-10GrabiQ;73269090;Z101294;1.05;PC;14579.05;436;24187;23727
EKN-16-10;EKN-16-10GrabiQ;73269090;Z101136;1.05;PC;894.33;203;1484;1456
OG-16-10;OG-16-10GrabiQ;73269090;Z101299;1.05;PC;546.39;130;906;889
BK-10-10;BK-10-10RTGrabiQ;73269090;Z101024;1.05;PC;629.26;168;1044;1024
BK-13-10;BK-13-10RTGrabiQ;73269090;Z101032;1.05;PC;973.56;207;1615;1584
BK-16-10;BK-16-10GrabiQ;73269090;Z101040;1.05;PC;1561.83;254;2591;2542
BK-22-10;BK-22-10GrabiQ;73269090;Z101325;1.05;PC;4252.98;320;7056;6922
BK-26-10;BK-26-10GrabiQ;73269090;Z101326;1.05;PC;7601.9;342;12612;12372
BKD-18/20-10;BKD-18/20-10;73269091;Z101156;1.05;PC;6334.56;289;10509;10309
BK-6-10;BK-6-10RTGrabiQ;73269090;Z101108;1.05;PC;463.08;109;768;754
BKG-6-10;BKG-6-10RTGrabiQ;73269090;Z101110;1.05;PC;569.91;91;945;928
BKG-10-10;BKG-10-10RTGrabiQ;73269090;Z101026;1.05;PC;846.48;144;1404;1378
BKG-13-10;BKG-13-10RTGrabiQ;73269090;Z101034;1.05;PC;1261.03;180;2092;2052
BKG-16-10;BKG-16-10GrabiQ;73269090;Z101042;1.05;PC;1933.19;219;3207;3146
BKG-20-10;BKG-20-10GrabiQ;73269090;Z101091;1.05;PC;3644.01;240;6045;5931
BKL-6-10;BKL-6-10RTGrabiQ;73269090;Z101114;1.05;PC;714.44;149;1185;1163
BKL-7/8-10;BKL-7/8-10RTGrabiQ;73269090;Z101104;1.05;PC;855.28;183;1419;1392
BKL-10-10;BKL-10-10RTGrabiQ;73269090;Z101028;1.05;PC;1034.94;218;1717;1684
BKL-13-10;BKL-13-10RTGrabiQ;73269090;Z101036;1.05;PC;1402.13;282;2326;2282
BKLK-6-10;BKLK-6-10RTGrabiQ;73269090;Z101116;1.05;PC;983.53;149;1632;1601
BKLK-10-10;BKLK-10-10RTGrabiQ;73269090;Z101030;1.05;PC;1410.54;218;2340;2296
BKLK-13-10;BKLK-13-10RTGrabiQ;73269090;Z101038;1.05;PC;1927.13;280;3197;3136
BKLK-16-10;BKLK-16-10GrabiQ;73269090;Z101046;1.05;PC;3166.8;339;5254;5154
BKLK-18/20-10;BKLK-18/20-10GrabiQ;73269090;Z101095;1.05;PC;5275.49;368;8752;8586
BKLK-26-10;BKLK-26-10GrabiQ;73269090;Z101295;1.05;PC;16785.24;486;27847;27318
BKLK-32-8;BKLK-32-8Classic;73269090;Z101344;1.05;PC;21695.83;275;35993;35310
BKT-6-10;BKT-6-10LTGrabiQ;73269090;Z1011120;1.05;PC;497.13;90;825;809
BKT-10-10;BKT-10-10LTGrabiQ;73269090;Z1010690;1.05;PC;813.59;133;1350;1324
BKT-13-10;BKT-13-10LT;73269090;Z1010710;1.05;PC;1213.05;0;2012;1974
CH-3LEFT;CH-3LEFTGrabiQ;73269090;Z101221;1.05;PC;1340.89;187;2225;2182
CH-3RIGHT;CH-3RIGHTGrabiQ;73269090;Z101219;1.05;PC;1340.89;187;2225;2182
EK-22-10;EK-22-10GrabiQ;73269090;Z101307;1.05;PC;2047.15;267;3396;3332
EKN-6-10;EKN-6-10GrabiQ;73269090;Z101128;1.05;PC;207.45;94;344;338
EKN-10-10;EKN-10-10GrabiQ;73269090;Z101132;1.05;PC;325.43;134;540;530
EKN-13-10;EKN-13-10GrabiQ;73269090;Z101134;1.05;PC;568.86;166;944;926
EKN-20-10;EKN-20-10GrabiQ;73269090;Z101327;1.05;PC;1340.72;320;2224;2182
EKN-26-10;EKN-26-10GrabiQ;73269090;Z101329;1.05;PC;3205.55;229;5318;5217
EKN-32-10;EKN-32-10GrabiQ;73269090;Z101330;1.05;PC;8561.04;353;14203;13933
EKN-7/8-10;EKN-7/8-10GRABIQ;73269090;Z101130;1.05;PC;222.32;108;369;362
GG-20-10;GG-20-10GrabiQ;73269090;Z101152;1.05;PC;1641.19;147;2723;2671
LKN-7/8-10;LKN-7/8-10GrabiQ;73269090;Z101345;1.05;PC;703.52;300;1167;1145
LKN-10-10;LKN-10-10GrabiQ;73269090;Z101346;1.05;PC;805.2;533;1336;1310
LKN-13-10;LKN-13-10GrabiQ;73269090;Z101347;1.05;PC;1084.16;155;1799;1764
LKN-16-10;LKN-16-10GrabiQ;73269090;Z101348;1.05;PC;1787.1;192;2965;2909
LKNK-10-10;LKNK-10-10GrabiQ;73269090;Z101350;1.05;PC;1262.83;295;2095;2055
LKNK-13-10;LKNK-13-10GrabiQ;73269090;Z101351;1.05;PC;1600.53;154;2655;2605
LKNK-16-10;LKNK-16-10GrabiQ;73269090;Z101352;1.05;PC;2507.29;191;4160;4081
LKNK-7/8-10;LKNK-7/8-10GrabiQ;73269090;Z101349;1.05;PC;934.32;238;1550;1521
OBK-6-10;OBK-6-10GrabiQ;73269090;Z101048;1.05;PC;467.75;103;776;761
OBK-7/8-10;OBK-7/8-10GrabiQ;73269090;Z101143;1.05;PC;549.34;139;911;894
OBK-10-10;OBK-10-10GRABIQ;73269090;Z101145;1.05;PC;701.82;170;1164;1142
OBK-13-10;OBK-13-10GrabiQ;73269090;Z101147;1.05;PC;890.91;206;1478;1450
OBK-16-10;OBK-16-10GrabiQ;73269090;Z101141;1.05;PC;1484.01;229;2462;2415
OG-7/8-10;OG-7/8-10GrabiQ;73269090;Z101296;1.05;PC;143.16;65;238;233
OG-10-10;OG-10-10GrabiQ;73269090;Z101297;1.05;PC;173.53;85;288;282
OG-13-10;OG-13-10GrabiQ;73269090;Z101298;1.05;PC;333.18;104;553;542
OG-20-10;OG-20-10GrabiQ;73269090;Z101300;1.05;PC;1019.66;197;1692;1659
OG-22-10;OG-22-10GrabiQ;73269090;Z101301;1.05;PC;1482.91;187;2460;2413
OG-26-10;OG-26-10GrabiQ;73269090;Z101302;1.05;PC;5618.14;228;9320;9144
OG-32-10;OG-32-10GrabiQ;73269090;Z101303;1.05;PC;9512.35;229;15781;15481
OKE-20-10;OKE-20-10GrabiQ;73269090;Z101340;1.05;PC;1447.55;333;2401;2356
OKE-22-10;OKE-22-10GrabiQ;73269090;Z101341;1.05;PC;3128.31;152;5190;5091
OKE-26-10;OKE-26-10GrabiQ;73269090;Z101342;1.05;PC;6787.26;247;11260;11046
BKG-8-10;BKG-8-10RTGrabiQ;73269090;Z101100;1.05;PC;646.05;121;1072;1051
BKL-16-10;BKL-16-10GrabiQ;73269090;Z101044;1.05;PC;2284.72;341;3790;3718
BKL-18/20-10;BKL-18/20-10GrabiQ;73269090;Z101093;1.05;PC;3983.5;368;6609;6483
BKLK-7/8-10;BKLK-7/8-10RTGrabiQ;73269090;Z101106;1.05;PC;1288.31;183;2137;2097
CH-3STRAIGHT;CH-3STRAIGHTGrabiQ;73269090;Z101220;1.05;PC;972.01;187;1613;1582
EKN-22-10;EKN-22-10GrabiQ;73269090;Z101328;1.05;PC;2304.13;342;3823;3750
BKG-22-10;BKG-22-10GrabiQ;73269090;Z101338;1.05;PC;7300.35;276;12111;11881
BKG-26-10;BKG-26-10GrabiQ;73269090;Z101343;1.05;PC;11009.48;290;18265;17918
STRG13;WRINHandleSTRG13forBKhook;73269090;Z101413;1.05;PC;4226.92;0;7012;6879
STRG16;WRINHandleSTRG16forBKhooks;73269090;Z101414;1.05;PC;9102.12;0;15100;14814
STRG20;WRINHandleSTRG20forBKhooks;73269090;Z101415;1.05;PC;11703.97;0;19417;19048
STRG22;WRINHandleSTRG22forBKhook;73269090;Z101416;1.05;PC;13003.4;0.8;21573;21163
STRG26;WRINHandleSTRG26forBKhook;73269090;Z101417;1.05;PC;13654.65;1.85;22653;22223
STRG32;WRINHandleSTRG32forBKhook;73269090;Z101418;1.05;PC;16253.54;2.5;26965;26453
Stainlesssteelshackle,No735M10;Stainlesssteelshackle,No735M10;73269090;A073510;1.05;PC;177.62;0;295;289
Stainlesssteelshackle,No735M12;Stainlesssteelshackle,No735M12;73269090;A073512;1.05;PC;252.61;0;419;411
Stainlesssteelshackle,No735M16;Stainlesssteelshackle,No735M16;73269090;A073516;1.05;PC;524.96;0;871;854
Stainlesssteelshackle,No735M20;Stainlesssteelshackle,No735M20;73269090;A073520;1.05;PC;872.3;0;1447;1420
Stainlesssteelshackle,No735M22;Stainlesssteelshackle,No735M22;73269090;A073522;1.05;PC;1282.8;0;2128;2088
Stainlesssteelshackle,No735M24;Stainlesssteelshackle,No735M24;73269090;A073524;1.05;PC;1539.36;0;2554;2505
Stainlesssteelshackle,No735M33;Stainlesssteelshackle,No735M33;73269090;A073533;1.05;PC;4420.73;0;7334;7195
Stainlesssteelshackle,No735M36;Stainlesssteelshackle,No735M36;73269090;A073536;1.05;PC;5604.85;0;9298;9122
Stainlesssteelshackle,No755M10;Stainlesssteelshackle,No755M10;73269090;A075510;1.05;PC;205.25;0;341;334
Stainlesssteelshackle,No755M12;Stainlesssteelshackle,No755M12;73269090;A075512;1.05;PC;280.24;0;465;456
Stainlesssteelshackle,No755M16;Stainlesssteelshackle,No755M16;73269090;A075516;1.05;PC;572.33;0;949;931
Stainlesssteelshackle,No755M20;Stainlesssteelshackle,No755M20;73269090;A075520;1.05;PC;970.98;0;1611;1580
Stainlesssteelshackle,No755M22;Stainlesssteelshackle,No755M22;73269090;A075522;1.05;PC;1420.95;0;2357;2313
Stainlesssteelshackle,No755M24;Stainlesssteelshackle,No755M24;73269090;A075524;1.05;PC;1697.24;0;2816;2762
Stainlesssteelshackle,No755M33;Stainlesssteelshackle,No755M33;73269090;A075533;1.05;PC;4933.85;0;8185;8030
Stainlesssteelshackle,No755M36;Stainlesssteelshackle,No755M36;73269090;A075536;1.05;PC;6236.39;0;10346;10150
Dee-ScrewPin-No834WLL3.25T;Dee-ScrewPin-No834WLL3.25T;73269090;A083416;1.05;PC;139.78;0;232;227
Dee-ScrewPin-No834WLL4.75T;Dee-ScrewPin-No834WLL4.75T;73269090;A083419;1.05;PC;193.42;0;321;315
Dee-ScrewPin-No834WLL6.5T;Dee-ScrewPin-No834WLL6.5T;73269090;A083422;1.05;PC;250.01;0;415;407
Dee-ScrewPin-No834WLL8.5T;Dee-ScrewPin-No834WLL8.5T;73269090;A083425;1.05;PC;393.65;0;653;641
Dee-ScrewPin-No834WLL9.5T;Dee-ScrewPin-No834WLL9.5T;73269090;A083428;1.05;PC;778.97;0;1292;1268
Dee-ScrewPin-No834WLL12T;Dee-ScrewPin-No834WLL12T;73269090;A083432;1.05;PC;1185.64;0;1967;1930
Dee-ScrewPin-No834WLL13.5T;Dee-ScrewPin-No834WLL13.5T;73269090;A083435;1.05;PC;1425.49;0;2365;2320
Dee-ScrewPin-No834WLL17T;Dee-ScrewPin-No834WLL17T;73269090;A083438;1.05;PC;2092.61;0;3472;3406
Dee-ScrewPin-No834WLL25T;Dee-ScrewPin-No834WLL25T;73269090;A083445;1.05;PC;3551.79;0;5892;5781
Dee-SafetyBolt-No835WLL3,25T;Dee-SafetyBolt-No835WLL3,25T;73269090;A083516;1.05;PC;121.43;0;201;198
Dee-SafetyBolt-No835WLL4,75T;Dee-SafetyBolt-No835WLL4,75T;73269090;A083519;1.05;PC;169.02;0;280;275
Dee-SafetyBolt-No835WLL6,5T;Dee-SafetyBolt-No835WLL6,5T;73269090;A083522;1.05;PC;240.76;0;399;392
Dee-SafetyBolt-No835WLL8,5T;Dee-SafetyBolt-No835WLL8,5T;73269090;A083525;1.05;PC;372.15;0;617;606
Dee-SafetyBolt-No835WLL9,5T;Dee-SafetyBolt-No835WLL9,5T;73269090;A083528;1.05;PC;441.06;0;732;718
Dee-SafetyBolt-No835WLL12T;Dee-SafetyBolt-No835WLL12T;73269090;A083532;1.05;PC;627.23;0;1041;1021
Dee-SafetyBolt-No835WLL13.5T;Dee-SafetyBolt-No835WLL13.5T;73269090;A083535;1.05;PC;768.31;0;1275;1250
Dee-SafetyBolt-No835WLL17T;Dee-SafetyBolt-No835WLL17T;73269090;A083538;1.05;PC;919.57;0;1526;1497
Dee-SafetyBolt-No835WLL25T;Dee-SafetyBolt-No835WLL25T;73269090;A083545;1.05;PC;2473.64;0;4104;4026
Bow-ScrewPin-No854WLL2,0T;Bow-ScrewPin-No854WLL2,0T;73269090;A085413;1.05;PC;94.24;0;156;153
Bow-ScrewPin-No854WLL3.25T;Bow-ScrewPin-No854WLL3.25T;73269090;A085416;1.05;PC;127.59;0;212;208
Bow-ScrewPin-No854WLL4.75T;Bow-ScrewPin-No854WLL4.75T;73269090;A085419;1.05;PC;148.61;0;247;242
Bow-ScrewPin-No854WLL6.5T;Bow-ScrewPin-No854WLL6.5T;73269090;A085422;1.05;PC;200.17;0;332;326
Bow-ScrewPin-No854WLL8.5T;Bow-ScrewPin-No854WLL8.5T;73269090;A085425;1.05;PC;273.05;0;453;444
Bow-ScrewPin-No854WLL9.5T;Bow-ScrewPin-No854WLL9.5T;73269090;A085428;1.05;PC;409.61;0;680;667
Bow-ScrewPin-No854WLL12T;Bow-ScrewPin-No854WLL12T;73269090;A085432;1.05;PC;585.67;0;972;953
Bow-ScrewPin-No854WLL13.5T;Bow-ScrewPin-No854WLL13.5T;73269090;A085435;1.05;PC;863.84;0;1433;1406
Bow-ScrewPin-No854WLL17T;Bow-ScrewPin-No854WLL17T;73269090;A085438;1.05;PC;920.64;0;1527;1498
Bow-ScrewPin-No854WLL25T;Bow-ScrewPin-No854WLL25T;73269090;A085445;1.05;PC;2006.72;0;3329;3266
Bow-ScrewPin-No854WLL35T;Bow-ScrewPin-No854WLL35T;73269090;A085452;1.05;PC;2838.89;0;4710;4620
Bow-ScrewPin-No854WLL55T;Bow-ScrewPin-No854WLL55T;73269090;A085464;1.05;PC;6201.98;0;10289;10094
"Bow-SafetyBolt-No8551/2""WLL2T";"Bow-SafetyBolt-No8551/2""WLL2T";73269090;A085513;1.05;PC;82.93;0;138;135
"Bow-SafetyBolt-No8555/8""WLL3,25T";"Bow-SafetyBolt-No8555/8""WLL3,25T";73269090;A085516;1.05;PC;109.92;0;182;179
Bow-SafetyBolt-No855WLL4,75T;Bow-SafetyBolt-No855WLL4,75T;73269090;A085519;1.05;PC;177.52;0;295;289
Bow-SafetyBolt-No855WLL6,5T;Bow-SafetyBolt-No855WLL6,5T;73269090;A085522;1.05;PC;232.5;0;386;378
Bow-SafetyBolt-No855WLL8,5T;Bow-SafetyBolt-No855WLL8,5T;73269090;A085525;1.05;PC;367.74;0;610;598
Bow-SafetyBolt-No855WLL9,5T;Bow-SafetyBolt-No855WLL9,5T;73269090;A085528;1.05;PC;507.71;0;842;826
Bow-SafetyBolt-No855WLL12,0T;Bow-SafetyBolt-No855WLL12,0T;73269090;A085532;1.05;PC;656.95;0;1090;1069
Bow-SafetyBolt-No855WLL13,5T;Bow-SafetyBolt-No855WLL13,5T;73269090;A085535;1.05;PC;831.87;0;1380;1354
Bow-SafetyBolt-No855WLL17T;Bow-SafetyBolt-No855WLL17T;73269090;A085538;1.05;PC;1078.42;0;1789;1755
Bow-SafetyBolt-No855WLL25T;Bow-SafetyBolt-No855WLL25T;73269090;A085545;1.05;PC;1911.27;0;3171;3111
Bow-SafetyBolt-No855WLL35T;Bow-SafetyBolt-No855WLL35T;73269090;A085552;1.05;PC;2355.88;0;3908;3834
Bow-SafetyBolt-No855WLL55T;Bow-SafetyBolt-No855WLL55T;73269090;A085564;1.05;PC;4617.52;0;7660;7515
ArcticshackleNo856WLL2T;ArcticshackleNo856WLL2T;73269090;A085613;1.05;PC;97.56;0;162;159
ArcticshackleNo856WLL3,25T;ArcticshackleNo856WLL3,25T;73269090;A085616;1.05;PC;129.32;0;215;210
ArcticshackleNo856WLL4,75T;ArcticshackleNo856WLL4,75T;73269090;A085619;1.05;PC;208.85;0;346;340
ArcticshackleNo856WLL6,5T;ArcticshackleNo856WLL6,5T;73269090;A085622;1.05;PC;273.53;0;454;445
ArcticshackleNo856WLL8,5T;ArcticshackleNo856WLL8,5T;73269090;A085625;1.05;PC;432.64;0;718;704
ArcticshackleNo856WLL9,5T;ArcticshackleNo856WLL9,5T;73269090;A085628;1.05;PC;597.3;0;991;972
ArcticshackleNo856WLL12T;ArcticshackleNo856WLL12T;73269090;A085632;1.05;PC;772.89;0;1282;1258
ArcticshackleNo856WLL13,5T;ArcticshackleNo856WLL13,5T;73269090;A085635;1.05;PC;978.67;0;1624;1593
ArcticshackleNo856WLL17T;ArcticshackleNo856WLL17T;73269090;A085638;1.05;PC;1268.73;0;2105;2065
ArcticshackleNo865WLL25T;ArcticshackleNo865WLL25T;73269090;A085645;1.05;PC;2248.55;0;3730;3660
ArcticshackleNo856WLL35T;ArcticshackleNo856WLL35T;73269090;A085652;1.05;PC;2771.62;0;4598;4511
ArcticshackleNo856WLL55T;ArcticshackleNo856WLL55T;73269090;A085664;1.05;PC;5432.37;0;9012;8841
"SupershackleNo8581/2""WLL3,3T";"SupershackleNo8581/2""WLL3,3T";73269090;A085813;1.05;PC;300.09;0;498;488
"SupershackleNo8585/8""WLL5,0T";"SupershackleNo8585/8""WLL5,0T";73269090;A085816;1.05;PC;339.42;0;563;552
"SupershackleNo8583/4""WLL7,0T";"SupershackleNo8583/4""WLL7,0T";73269090;A085819;1.05;PC;387.59;0;643;631
"SupershackleNo8587/8""WLL9,5T";"SupershackleNo8587/8""WLL9,5T";73269090;A085822;1.05;PC;473;0;785;770
"SupershackleNo8581""WLL12,5T";"SupershackleNo8581""WLL12,5T";73269090;A085825;1.05;PC;616.52;0;1023;1003
"SupershackleNo85811/8""WLL15T";"SupershackleNo85811/8""WLL15T";73269090;A085828;1.05;PC;796.59;0;1322;1296
"SupershackleNo85811/4""WLL18T";"SupershackleNo85811/4""WLL18T";73269090;A085832;1.05;PC;1029.77;0;1708;1676
"SupershackleNo85813/8""WLL21T";"SupershackleNo85813/8""WLL21T";73269090;A085835;1.05;PC;1586.51;0;2632;2582
"SupershackleNo85811/2""WLL30T";"SupershackleNo85811/2""WLL30T";73269090;A085838;1.05;PC;2012.39;0;3339;3275
SupershackleNo858WLL40T;SupershackleNo858WLL40T;73269090;A085845;1.05;PC;2865.52;0;4754;4664
ROVRetrieveShackleNo861WLL12T;ROVRetrieveShackleNo861WLL12T;73269090;A086132;1.05;PC;9061.99;0;15034;14748
ROVRetrieveShackleNo861WLL17T;ROVRetrieveShackleNo861WLL17T;73269090;A086138;1.05;PC;9124.16;0;15137;14850
ROVRetrieveShackleNo861WLL25T;ROVRetrieveShackleNo861WLL25T;73269090;A086145;1.05;PC;9214.49;0;15287;14997
ROVRetrieveShackleNo861WLL35T;ROVRetrieveShackleNo861WLL35T;73269090;A086152;1.05;PC;12532.84;0;20792;20397
ROVRetrieveShackleNo861WLL55T;ROVRetrieveShackleNo861WLL55T;73269090;A086164;1.05;PC;16545.71;0;27449;26928
ROVRetrieveShackleNo861WLL85T;ROVRetrieveShackleNo861WLL85T;73269090;A086176;1.05;PC;44428.2;0;73706;72307
ROVRetrieveShackleNo861WLL9,5T;ROVRetrieveShackleNo861WLL9,5T;73269090;A086128;1.05;PC;10864.75;0;18025;17682
SA-22-8;SA-22-8;73269090;Z294122;1.05;PC;1180.75;85;1959;1922
SA-7/8-8;SA-7/8-8;73269090;Z100706;1.05;PC;268.21;0;445;437
SA-13-8;SA-13-8;73269090;Z292528;1.05;PC;546.16;0;906;889
SA-16-8;SA-16-8;73269090;Z293024;1.05;PC;682.7;0;1133;1111
SA-10-8;SA-10-8;73269090;Z298728;1.05;PC;429.13;0;712;698
SA-19-8;SA-19-8;73269090;Z299622;1.05;PC;1143.86;0;1898;1862
WIRELOCKKIT100CC-MULTIPLOS-50UN;WIRELOCKKIT100CC-MULTIPLOSMINIMODE50U;39073029;68557;10.325;UN;345.33;0;563;553
WIRELOCKKIT250CC-MULTIPLOS-30UN;WIRELOCKKIT250CC-MULTIPLOSMINIMODE30U;39073029;G019000517;10.325;UN;416.65;0;680;667
WIRELOCKKIT500CC-MULTIPLOS-20UN;WIRELOCKKIT500CC-MULTIPLOSMINIMODE20U;39073029;G018881133;10.325;UN;576.72;0;941;923
WIRELOCKKIT1000CC-MULTIPLOS-12UN;WIRELOCKKIT1000CC-MULTIPLOSMINIMODE12U;39073029;G018881131;10.325;UN;959.15;0;1565;1535
WIRELOCKKIT2000CC-UNIT;WIRELOCKKIT2000CC-UNITARIO;39073029;67627;10.325;UN;1764.84;0;2879;2824
WIRELOCKKIT3000CC-UNIT;WIRELOCKKIT3000CC-UNITARIO;39073029;72893;10.325;UN;2647.28;0;4319;4237
WIRELOCKKIT5000CC-UNIT;WIRELOCKKIT5000CC-UNITARIO;39073029;72894;10.325;UN;4.556;0;7432;7291
